grid_cell,disaster_type,month,grid_monthly_count
10.0_76.7,Landslide,6,1
10.0_76.7,Landslide,8,2
10.0_76.8,Landslide,5,1
10.0_76.8,Landslide,10,1
10.0_77.0,Landslide,4,1
10.0_81.3,Cyclone,11,1
10.0_92.0,Cyclone,5,1
10.0_92.9,Earthquake,7,1
10.0_93.0,Earthquake,3,1
10.0_93.2,Earthquake,12,1
10.0_93.3,Earthquake,11,1
10.0_93.5,Earthquake,3,1
10.0_93.6,Earthquake,5,2
10.0_93.8,Earthquake,9,1
10.0_94.0,Earthquake,2,1
10.0_94.0,Earthquake,7,1
10.1_76.3,Landslide,10,1
10.1_76.5,Landslide,7,1
10.1_76.6,Landslide,7,1
10.1_76.6,Landslide,8,1
10.1_76.8,Landslide,5,2
10.1_77.1,Landslide,2,1
10.1_78.0,Landslide,7,1
10.1_92.1,Earthquake,5,1
10.1_92.9,Earthquake,2,1
10.1_93.2,Earthquake,10,1
10.1_93.3,Earthquake,10,1
10.1_93.3,Earthquake,12,1
10.1_93.5,Earthquake,4,1
10.1_93.7,Earthquake,1,1
10.1_93.7,Earthquake,2,1
10.1_93.7,Earthquake,10,1
10.1_93.8,Earthquake,6,1
10.1_93.8,Earthquake,10,1
10.1_94.0,Earthquake,5,1
10.2_77.5,Landslide,3,1
10.2_77.5,Landslide,7,1
10.2_77.6,Landslide,10,1
10.2_77.6,Landslide,11,1
10.2_79.6,Cyclone,11,1
10.2_79.6,Cyclone,12,1
10.2_80.1,Cyclone,11,1
10.2_80.3,Cyclone,5,1
10.2_92.2,Earthquake,7,1
10.2_92.6,Earthquake,5,1
10.2_92.7,Earthquake,11,1
10.2_92.8,Earthquake,8,1
10.2_92.9,Earthquake,1,1
10.2_93.0,Earthquake,8,1
10.2_93.6,Earthquake,4,1
10.2_93.6,Earthquake,6,2
10.2_93.7,Earthquake,10,1
10.2_93.8,Earthquake,11,1
10.2_94.3,Earthquake,4,1
10.2_94.4,Earthquake,9,1
10.3_76.4,Landslide,4,1
10.3_76.4,Landslide,5,1
10.3_76.8,Landslide,7,1
10.3_77.0,Landslide,9,1
10.3_77.2,Landslide,8,1
10.3_77.5,Landslide,11,1
10.3_77.6,Landslide,9,1
10.3_80.0,Cyclone,11,1
10.3_80.0,Cyclone,12,1
10.3_92.2,Earthquake,5,1
10.3_92.3,Earthquake,10,1
10.3_92.5,Earthquake,1,1
10.3_92.6,Earthquake,10,1
10.3_92.9,Earthquake,6,1
10.3_93.1,Earthquake,1,1
10.3_93.1,Earthquake,3,1
10.3_93.7,Earthquake,7,1
10.3_93.7,Earthquake,9,1
10.3_93.8,Earthquake,2,1
10.3_93.9,Earthquake,1,1
10.3_94.1,Earthquake,9,1
10.4_77.5,Landslide,10,1
10.4_79.9,Cyclone,12,1
10.4_80.4,Cyclone,11,1
10.4_80.6,Cyclone,11,1
10.4_92.3,Earthquake,1,1
10.4_92.5,Earthquake,3,1
10.4_93.0,Earthquake,4,1
10.4_93.3,Earthquake,2,1
10.4_93.4,Earthquake,2,1
10.4_93.4,Earthquake,9,1
10.4_93.7,Earthquake,12,1
10.4_93.9,Earthquake,6,1
10.4_94.2,Earthquake,8,1
10.4_94.2,Earthquake,10,1
10.5_76.0,Flood,5,1
10.5_76.2,Flood,8,1
10.5_78.0,Cyclone,9,1
10.5_92.1,Earthquake,10,1
10.5_92.3,Earthquake,9,1
10.5_92.7,Earthquake,8,1
10.5_92.8,Earthquake,2,1
10.5_92.8,Earthquake,10,1
10.5_92.9,Earthquake,11,1
10.5_93.0,Earthquake,1,1
10.5_93.1,Earthquake,5,1
10.5_93.3,Earthquake,4,1
10.5_93.4,Earthquake,7,1
10.5_93.5,Earthquake,8,1
10.5_93.8,Earthquake,2,1
10.5_93.8,Earthquake,11,1
10.5_93.9,Earthquake,12,1
10.6_80.4,Cyclone,11,1
10.6_80.8,Cyclone,11,1
10.6_92.5,Earthquake,5,1
10.6_92.6,Earthquake,3,1
10.6_92.7,Earthquake,1,1
10.6_93.0,Earthquake,7,1
10.6_93.1,Earthquake,12,1
10.6_93.3,Earthquake,12,1
10.6_93.5,Earthquake,6,1
10.6_93.8,Earthquake,12,1
10.6_93.9,Earthquake,3,1
10.6_93.9,Earthquake,12,1
10.6_94.1,Earthquake,2,1
10.6_94.2,Earthquake,7,1
10.6_94.3,Earthquake,3,1
10.6_94.4,Earthquake,8,1
10.6_94.5,Earthquake,9,1
10.6_94.9,Earthquake,5,1
10.7_79.0,Cyclone,11,1
10.7_80.0,Cyclone,10,1
10.7_80.0,Cyclone,12,1
10.7_80.1,Cyclone,11,1
10.7_92.4,Earthquake,12,1
10.7_92.5,Earthquake,10,1
10.7_92.8,Earthquake,9,1
10.7_93.7,Earthquake,11,1
10.8_78.7,Landslide,12,1
10.8_79.8,Cyclone,1,1
10.8_79.8,Cyclone,11,1
10.8_79.8,Cyclone,12,4
10.8_80.1,Cyclone,11,2
10.8_80.1,Cyclone,12,1
10.8_80.2,Cyclone,11,1
10.8_80.3,Cyclone,5,1
10.8_92.0,Earthquake,11,1
10.8_92.1,Earthquake,2,1
10.8_93.4,Earthquake,11,1
10.8_94.2,Earthquake,2,1
10.8_94.4,Earthquake,12,1
10.9_79.8,Cyclone,1,1
10.9_79.8,Cyclone,12,1
10.9_92.1,Earthquake,4,1
10.9_92.1,Earthquake,10,1
10.9_92.2,Earthquake,10,1
10.9_92.7,Earthquake,1,1
10.9_92.7,Earthquake,6,1
10.9_92.8,Earthquake,6,1
10.9_93.2,Earthquake,8,1
10.9_93.4,Earthquake,9,1
10.9_93.5,Earthquake,1,1
10.9_93.7,Earthquake,2,1
11.0_76.6,Landslide,9,1
11.0_77.6,Landslide,6,3
11.0_80.0,Cyclone,12,1
11.0_92.4,Earthquake,9,1
11.0_92.5,Earthquake,6,1
11.0_93.5,Earthquake,3,1
11.0_93.5,Earthquake,4,1
11.0_93.6,Earthquake,3,1
11.0_93.6,Earthquake,9,1
11.0_93.6,Earthquake,10,1
11.0_94.8,Earthquake,5,1
11.0_95.0,Earthquake,8,1
11.1_76.1,Landslide,8,1
11.1_80.2,Cyclone,11,1
11.1_92.0,Earthquake,7,1
11.1_92.1,Earthquake,3,1
11.1_92.1,Earthquake,8,1
11.1_92.4,Earthquake,7,1
11.1_92.4,Earthquake,9,1
11.1_92.5,Earthquake,11,1
11.1_92.5,Earthquake,12,1
11.1_92.9,Earthquake,2,1
11.1_92.9,Earthquake,6,1
11.1_93.4,Earthquake,2,1
11.1_93.6,Earthquake,11,1
11.1_95.0,Earthquake,9,1
11.1_95.2,Earthquake,11,1
11.2_75.8,Flood,8,1
11.2_79.9,Cyclone,12,1
11.2_80.0,Cyclone,11,1
11.2_92.2,Earthquake,2,1
11.2_92.3,Earthquake,2,1
11.2_92.4,Earthquake,2,1
11.2_92.5,Earthquake,3,1
11.2_93.0,Earthquake,10,1
11.2_93.7,Earthquake,9,1
11.2_93.8,Earthquake,12,1
11.2_94.8,Earthquake,6,1
11.2_95.1,Earthquake,11,1
11.3_75.8,Landslide,6,1
11.3_76.2,Landslide,9,1
11.3_76.6,Landslide,7,1
11.3_76.8,Landslide,2,1
11.3_76.8,Landslide,4,2
11.3_76.8,Landslide,7,1
11.3_76.9,Landslide,6,1
11.3_76.9,Landslide,7,1
11.3_76.9,Landslide,10,1
11.3_76.9,Landslide,11,1
11.3_77.1,Landslide,10,1
11.3_80.1,Cyclone,11,1
11.3_80.6,Cyclone,12,1
11.3_92.2,Earthquake,1,1
11.3_95.0,Earthquake,11,1
11.4_75.8,Landslide,3,1
11.4_76.0,Landslide,7,1
11.4_76.7,Landslide,6,2
11.4_76.7,Landslide,7,1
11.4_76.7,Landslide,9,1
11.4_76.7,Landslide,10,1
11.4_76.7,Landslide,11,1
11.4_77.9,Landslide,10,1
11.4_92.1,Earthquake,5,1
11.4_92.5,Earthquake,5,1
11.4_92.8,Earthquake,8,1
11.4_93.7,Earthquake,12,1
11.4_95.0,Earthquake,7,1
11.5_76.0,Landslide,3,1
11.5_76.5,Landslide,6,1
11.5_76.5,Landslide,7,1
11.5_80.0,Cyclone,5,1
11.5_92.0,Earthquake,3,1
11.5_92.4,Earthquake,1,1
11.5_94.9,Earthquake,9,1
11.6_76.1,Landslide,8,3
11.6_79.9,Cyclone,11,1
11.6_80.4,Cyclone,10,1
11.6_92.3,Earthquake,8,1
11.6_92.7,Earthquake,12,1
11.6_93.0,Earthquake,1,1
11.6_93.1,Earthquake,2,1
11.6_93.6,Earthquake,9,1
11.6_95.0,Earthquake,1,1
11.6_95.0,Earthquake,3,1
11.7_76.1,Landslide,6,1
11.7_77.6,Landslide,8,1
11.7_79.9,Cyclone,10,1
11.7_79.9,Cyclone,12,1
11.7_80.1,Cyclone,5,1
11.7_80.6,Cyclone,12,1
11.7_92.0,Earthquake,5,1
11.7_92.3,Earthquake,3,1
11.7_92.3,Earthquake,6,1
11.7_92.3,Earthquake,8,1
11.7_92.4,Earthquake,2,1
11.7_92.5,Earthquake,7,1
11.7_92.7,Earthquake,2,1
11.7_92.7,Earthquake,5,1
11.7_92.7,Landslide,6,1
11.7_93.0,Earthquake,7,1
11.7_93.8,Earthquake,4,1
11.8_74.3,Cyclone,11,1
11.8_75.5,Landslide,7,1
11.8_78.2,Landslide,7,1
11.8_78.2,Landslide,10,1
11.8_78.9,Flood,11,3
11.8_79.8,Cyclone,10,1
11.8_79.8,Cyclone,11,3
11.8_79.8,Cyclone,12,2
11.8_80.0,Cyclone,12,1
11.8_92.2,Earthquake,3,1
11.8_92.4,Earthquake,5,1
11.8_92.4,Earthquake,6,1
11.8_92.4,Earthquake,11,1
11.8_92.6,Earthquake,4,1
11.8_92.9,Earthquake,1,1
11.8_92.9,Earthquake,5,1
11.8_92.9,Earthquake,12,1
11.8_93.6,Earthquake,12,1
11.8_94.9,Earthquake,2,1
11.8_95.0,Earthquake,8,1
11.9_75.4,Landslide,7,1
11.9_79.8,Cyclone,11,1
11.9_80.4,Cyclone,10,1
11.9_93.2,Earthquake,9,1
11.9_93.3,Earthquake,1,1
11.9_93.6,Earthquake,8,1
11.9_94.3,Earthquake,7,1
11.9_95.0,Earthquake,4,1
12.0_77.3,Cyclone,9,1
12.0_80.0,Cyclone,5,1
12.0_80.0,Cyclone,10,1
12.0_80.2,Earthquake,9,1
12.0_80.4,Cyclone,11,1
12.0_80.5,Cyclone,10,1
12.0_92.0,Cyclone,5,2
12.0_92.4,Earthquake,8,1
12.0_93.1,Earthquake,1,1
12.0_94.4,Earthquake,8,1
12.0_94.9,Earthquake,12,1
12.0_95.0,Earthquake,4,1
12.0_95.1,Earthquake,4,1
12.0_95.1,Earthquake,8,1
12.1_80.0,Cyclone,11,1
12.1_80.1,Cyclone,11,1
12.1_80.2,Cyclone,11,1
12.1_92.6,Earthquake,5,1
12.1_92.7,Earthquake,1,1
12.1_93.5,Earthquake,8,1
12.1_93.7,Earthquake,1,1
12.1_93.9,Earthquake,9,1
12.1_95.1,Earthquake,3,1
12.1_95.2,Earthquake,7,1
12.1_95.5,Earthquake,8,1
12.2_80.3,Cyclone,12,1
12.2_80.8,Cyclone,11,1
12.2_80.9,Cyclone,11,1
12.2_92.6,Earthquake,4,1
12.2_92.7,Earthquake,12,1
12.2_93.0,Earthquake,6,1
12.2_93.1,Earthquake,4,1
12.2_93.4,Earthquake,5,1
12.2_93.4,Earthquake,8,1
12.2_93.7,Earthquake,8,1
12.2_93.7,Earthquake,9,1
12.2_93.7,Earthquake,11,1
12.2_94.3,Earthquake,12,1
12.2_94.7,Earthquake,9,1
12.2_95.0,Earthquake,9,1
12.2_95.2,Earthquake,3,1
12.2_95.2,Earthquake,7,1
12.3_74.2,Cyclone,5,1
12.3_80.2,Cyclone,11,1
12.3_80.4,Cyclone,3,1
12.3_80.5,Cyclone,10,1
12.3_92.5,Earthquake,1,1
12.3_92.5,Earthquake,7,1
12.3_92.7,Earthquake,3,1
12.3_92.8,Earthquake,5,1
12.3_92.8,Earthquake,10,1
12.3_93.2,Earthquake,5,1
12.3_93.5,Earthquake,5,1
12.3_94.3,Earthquake,7,1
12.3_94.9,Earthquake,8,1
12.3_95.1,Earthquake,2,1
12.4_80.2,Cyclone,5,1
12.4_80.3,Cyclone,11,1
12.4_92.6,Earthquake,1,1
12.4_92.7,Earthquake,3,1
12.4_95.4,Earthquake,4,1
12.5_80.2,Cyclone,10,1
12.5_80.3,Cyclone,11,1
12.5_80.4,Cyclone,11,1
12.5_80.5,Cyclone,5,1
12.5_92.5,Earthquake,9,1
12.5_92.7,Earthquake,4,1
12.5_92.8,Earthquake,11,1
12.5_93.3,Earthquake,3,1
12.5_93.3,Earthquake,12,1
12.5_93.5,Earthquake,6,1
12.5_93.9,Earthquake,7,1
12.5_95.1,Earthquake,4,1
12.5_95.2,Earthquake,9,1
12.6_75.6,Landslide,10,1
12.6_80.2,Cyclone,10,1
12.6_80.2,Cyclone,11,1
12.6_80.3,Cyclone,10,1
12.6_80.3,Cyclone,11,1
12.6_93.6,Earthquake,2,1
12.6_95.1,Earthquake,6,1
12.6_95.1,Earthquake,12,1
12.6_95.2,Earthquake,4,1
12.6_95.2,Earthquake,5,1
12.6_95.3,Earthquake,8,1
12.6_95.5,Earthquake,6,1
12.6_95.5,Earthquake,8,1
12.7_75.3,Landslide,6,1
12.7_79.7,Flood,10,1
12.7_80.2,Cyclone,12,1
12.7_80.4,Cyclone,10,1
12.7_92.3,Earthquake,10,1
12.7_92.4,Earthquake,9,1
12.7_92.9,Earthquake,11,1
12.7_93.0,Earthquake,7,1
12.7_93.2,Earthquake,6,1
12.7_93.4,Earthquake,12,1
12.7_93.9,Earthquake,6,1
12.7_95.1,Earthquake,2,1
12.7_95.3,Earthquake,11,1
12.7_95.4,Earthquake,10,1
12.7_95.5,Earthquake,10,1
12.8_74.9,Landslide,4,1
12.8_74.9,Landslide,6,1
12.8_75.1,Landslide,7,1
12.8_75.2,Landslide,6,1
12.8_75.7,Landslide,12,1
12.8_80.2,Cyclone,12,1
12.8_80.4,Cyclone,12,1
12.8_80.5,Cyclone,11,1
12.8_92.1,Earthquake,12,1
12.8_92.6,Earthquake,9,1
12.8_92.6,Earthquake,10,1
12.8_92.9,Earthquake,6,1
12.8_92.9,Earthquake,12,1
12.8_93.0,Earthquake,2,1
12.8_93.0,Earthquake,7,1
12.8_93.1,Earthquake,5,1
12.8_93.9,Earthquake,5,1
12.9_74.8,Landslide,9,1
12.9_74.9,Landslide,4,1
12.9_74.9,Landslide,6,3
12.9_74.9,Landslide,7,3
12.9_75.0,Landslide,7,1
12.9_75.0,Landslide,11,1
12.9_75.8,Landslide,8,1
12.9_80.5,Cyclone,11,2
12.9_92.3,Earthquake,4,1
12.9_92.5,Earthquake,2,1
12.9_92.5,Earthquake,9,1
12.9_92.6,Earthquake,1,1
12.9_93.0,Earthquake,1,1
12.9_93.0,Earthquake,3,1
12.9_93.3,Earthquake,4,1
12.9_93.3,Earthquake,5,1
12.9_93.3,Earthquake,12,1
12.9_93.9,Earthquake,10,1
13.0_76.3,Landslide,3,1
13.0_77.6,Landslide,8,1
13.0_80.2,Cyclone,10,1
13.0_80.2,Cyclone,11,1
13.0_80.2,Landslide,11,1
13.0_92.3,Earthquake,10,1
13.0_92.4,Earthquake,3,1
13.0_92.4,Earthquake,10,1
13.0_92.5,Earthquake,6,1
13.0_92.6,Earthquake,3,1
13.0_93.0,Earthquake,4,1
13.0_93.0,Earthquake,10,1
13.0_93.1,Earthquake,9,1
13.0_93.1,Earthquake,12,1
13.0_93.2,Earthquake,3,1
13.0_93.2,Earthquake,7,1
13.0_93.2,Earthquake,8,1
13.0_93.2,Earthquake,10,2
13.0_93.3,Earthquake,1,1
13.0_93.3,Earthquake,4,1
13.0_93.4,Earthquake,4,1
13.0_93.4,Earthquake,6,1
13.0_93.5,Earthquake,12,1
13.0_93.6,Earthquake,3,1
13.0_93.7,Earthquake,1,1
13.0_94.0,Earthquake,4,1
13.1_80.3,Cyclone,5,1
13.1_80.3,Cyclone,10,2
13.1_80.3,Cyclone,11,2
13.1_80.3,Cyclone,12,2
13.1_80.3,Flood,11,1
13.1_80.5,Cyclone,10,1
13.1_80.5,Cyclone,11,1
13.1_92.3,Earthquake,11,1
13.1_92.5,Earthquake,9,1
13.1_92.5,Earthquake,11,1
13.1_92.6,Earthquake,11,1
13.1_92.6,Earthquake,12,1
13.1_92.7,Earthquake,4,1
13.1_93.1,Earthquake,11,1
13.1_93.2,Earthquake,5,1
13.1_93.2,Earthquake,9,1
13.1_93.2,Earthquake,11,1
13.1_93.3,Earthquake,6,1
13.1_93.4,Earthquake,1,1
13.2_76.1,Landslide,2,1
13.2_80.3,Cyclone,11,1
13.2_80.4,Cyclone,5,1
13.2_92.2,Earthquake,5,1
13.2_92.4,Earthquake,5,1
13.2_92.5,Earthquake,4,1
13.2_92.7,Earthquake,6,1
13.2_92.9,Earthquake,4,1
13.2_93.3,Earthquake,7,1
13.3_80.4,Cyclone,10,1
13.3_80.7,Cyclone,11,1
13.3_92.3,Earthquake,1,1
13.3_92.3,Earthquake,12,1
13.3_93.0,Earthquake,3,1
13.3_93.4,Earthquake,5,1
13.3_93.6,Earthquake,8,1
13.3_93.8,Earthquake,11,1
13.4_80.4,Cyclone,10,1
13.4_80.5,Cyclone,9,1
13.5_80.4,Cyclone,11,1
13.5_80.9,Cyclone,11,1
13.5_92.7,Earthquake,3,1
13.5_92.7,Earthquake,7,1
13.5_92.7,Earthquake,9,2
13.5_92.7,Earthquake,10,1
13.5_93.0,Earthquake,12,1
13.5_93.3,Earthquake,8,1
13.5_94.5,Earthquake,3,1
13.6_80.7,Cyclone,11,1
13.6_92.7,Earthquake,3,1
13.6_92.8,Earthquake,4,1
13.6_92.8,Earthquake,5,2
13.6_92.8,Earthquake,7,1
13.6_92.8,Earthquake,9,1
13.6_92.8,Earthquake,12,1
13.6_92.9,Earthquake,4,1
13.6_92.9,Earthquake,5,1
13.6_92.9,Earthquake,10,1
13.6_93.0,Earthquake,2,1
13.6_93.7,Earthquake,11,1
13.6_94.0,Earthquake,4,1
13.7_79.3,Landslide,11,1
13.7_92.7,Earthquake,3,1
13.7_92.8,Earthquake,1,1
13.7_93.0,Earthquake,11,1
13.7_93.1,Earthquake,7,1
13.7_93.1,Earthquake,8,1
13.7_93.1,Earthquake,10,1
13.7_93.5,Earthquake,11,1
13.7_93.8,Earthquake,10,2
13.8_80.6,Cyclone,4,1
13.8_93.0,Earthquake,12,1
13.8_93.2,Earthquake,1,1
13.8_93.5,Earthquake,8,1
13.8_93.6,Earthquake,7,1
13.8_93.6,Earthquake,11,2
13.8_93.9,Earthquake,11,1
13.9_80.3,Cyclone,11,1
13.9_92.9,Earthquake,2,1
13.9_93.0,Earthquake,2,1
13.9_93.0,Earthquake,8,1
13.9_93.1,Earthquake,8,2
13.9_93.1,Earthquake,9,1
13.9_93.9,Earthquake,2,1
14.0_74.7,Landslide,6,1
14.0_75.5,Landslide,12,1
14.0_80.2,Cyclone,10,1
14.0_80.5,Cyclone,10,1
14.0_80.5,Cyclone,11,1
14.0_80.6,Cyclone,10,1
14.0_81.0,Cyclone,10,1
14.0_92.9,Earthquake,10,1
14.0_93.0,Earthquake,2,1
14.0_93.0,Earthquake,5,1
14.0_93.0,Earthquake,10,1
14.0_93.0,Earthquake,11,1
14.0_93.1,Earthquake,1,1
14.0_93.1,Earthquake,2,1
14.0_93.1,Earthquake,3,1
14.0_93.6,Earthquake,6,1
14.0_93.6,Earthquake,7,1
14.0_93.9,Earthquake,1,1
14.1_79.9,Flood,10,1
14.1_80.3,Cyclone,12,1
14.1_80.6,Cyclone,10,1
14.1_80.8,Cyclone,1,1
14.1_92.8,Earthquake,4,1
14.1_92.9,Earthquake,6,2
14.1_92.9,Earthquake,9,1
14.1_93.0,Earthquake,3,1
14.1_93.8,Earthquake,6,1
14.1_93.8,Earthquake,8,1
14.2_73.4,Cyclone,10,1
14.2_74.8,Landslide,12,1
14.2_80.4,Cyclone,11,2
14.2_93.2,Earthquake,1,1
14.2_93.5,Earthquake,1,1
14.3_80.5,Cyclone,11,1
14.3_92.9,Earthquake,9,1
14.3_93.1,Earthquake,10,1
14.3_93.2,Earthquake,2,1
14.3_93.2,Earthquake,11,1
14.4_80.0,Cyclone,5,1
14.4_80.0,Cyclone,10,2
14.4_80.0,Flood,8,1
14.4_80.2,Cyclone,10,1
14.4_80.3,Cyclone,11,1
14.4_93.1,Earthquake,3,1
14.4_93.1,Earthquake,7,1
14.4_93.2,Earthquake,1,1
14.4_93.2,Earthquake,5,1
14.4_93.3,Earthquake,4,1
14.4_93.3,Earthquake,5,1
14.4_93.3,Earthquake,7,1
14.5_75.5,Cyclone,11,1
14.5_78.8,Landslide,6,1
14.6_80.2,Cyclone,11,1
14.7_74.3,Landslide,2,1
14.7_80.3,Cyclone,5,1
14.7_80.5,Cyclone,11,1
14.7_80.7,Cyclone,11,1
14.7_80.8,Cyclone,4,1
14.7_81.0,Cyclone,11,1
14.8_74.1,Landslide,11,1
14.8_74.2,Landslide,8,1
14.8_74.5,Landslide,2,1
14.8_80.8,Cyclone,10,1
14.9_74.6,Landslide,7,1
14.9_78.2,Flood,6,4
14.9_80.0,Cyclone,11,3
14.9_80.2,Cyclone,11,1
14.9_80.3,Cyclone,10,1
14.9_80.6,Cyclone,11,1
15.0_73.2,Cyclone,6,1
15.0_73.4,Cyclone,12,1
15.0_74.0,Landslide,2,1
15.0_74.0,Landslide,7,1
15.0_74.2,Landslide,6,1
15.0_80.0,Cyclone,12,1
15.0_80.2,Cyclone,10,2
15.0_80.3,Cyclone,10,1
15.0_81.0,Cyclone,10,1
15.0_95.5,Cyclone,4,1
15.0_96.0,Cyclone,4,1
15.1_76.9,Flood,8,1
15.1_80.1,Cyclone,10,1
15.1_80.3,Cyclone,10,1
15.2_74.1,Landslide,9,1
15.3_73.9,Landslide,6,1
15.3_74.0,Landslide,10,1
15.3_74.1,Landslide,6,1
15.3_80.2,Cyclone,6,1
15.3_80.5,Cyclone,10,1
15.4_73.8,Landslide,6,1
15.4_73.8,Landslide,7,2
15.4_73.9,Landslide,1,1
15.4_73.9,Landslide,6,2
15.4_74.0,Landslide,5,1
15.4_74.3,Landslide,3,1
15.4_80.2,Cyclone,10,1
15.4_81.3,Cyclone,11,1
15.4_81.5,Cyclone,10,1
15.4_81.9,Cyclone,12,1
15.4_94.5,Cyclone,5,1
15.4_96.2,Cyclone,12,1
15.5_73.8,Landslide,5,1
15.5_73.8,Landslide,7,1
15.5_73.8,Landslide,11,1
15.5_73.9,Landslide,8,1
15.5_75.0,Flood,5,1
15.5_80.0,Cyclone,10,1
15.5_80.5,Cyclone,10,1
15.5_80.9,Cyclone,11,1
15.6_73.8,Landslide,6,1
15.6_73.8,Landslide,12,1
15.6_73.9,Landslide,6,1
15.6_74.1,Landslide,6,1
15.6_80.5,Cyclone,10,1
15.6_81.0,Cyclone,10,1
15.6_81.1,Cyclone,12,1
15.6_81.4,Cyclone,12,1
15.6_81.6,Cyclone,11,1
15.6_82.0,Cyclone,9,1
15.6_93.7,Cyclone,4,1
15.6_94.6,Cyclone,10,1
15.7_73.8,Landslide,9,1
15.7_74.0,Landslide,7,1
15.7_74.2,Landslide,10,1
15.7_78.2,Flood,9,2
15.7_79.9,Flood,9,2
15.7_80.4,Cyclone,5,1
15.7_80.5,Cyclone,5,1
15.7_80.7,Cyclone,11,1
15.7_81.0,Cyclone,11,1
15.7_81.2,Cyclone,5,1
15.7_81.6,Cyclone,9,1
15.7_94.8,Cyclone,1,1
15.7_94.9,Cyclone,10,1
15.7_95.4,Cyclone,9,1
15.7_95.6,Cyclone,5,1
15.7_96.7,Cyclone,1,1
15.8_78.0,Flood,8,3
15.8_78.1,Landslide,6,1
15.8_80.6,Cyclone,12,1
15.8_81.0,Cyclone,5,1
15.8_81.4,Cyclone,10,1
15.8_81.4,Cyclone,11,1
15.8_93.3,Cyclone,11,1
15.8_96.2,Cyclone,5,1
15.9_73.8,Landslide,7,1
15.9_74.0,Landslide,7,1
15.9_80.5,Cyclone,11,1
15.9_81.2,Cyclone,9,1
15.9_93.9,Cyclone,5,1
15.9_94.2,Cyclone,11,1
15.9_96.0,Cyclone,11,1
16.0_74.0,Landslide,7,1
16.0_79.9,Earthquake,8,1
16.0_81.5,Cyclone,10,1
16.0_81.6,Cyclone,9,1
16.0_81.6,Cyclone,10,1
16.0_81.8,Cyclone,5,1
16.0_94.1,Cyclone,5,1
16.1_73.7,Landslide,7,1
16.1_78.9,Landslide,7,1
16.1_81.2,Cyclone,11,1
16.1_81.4,Cyclone,9,1
16.1_82.1,Cyclone,11,1
16.1_93.6,Cyclone,11,1
16.2_77.4,Flood,8,1
16.2_81.1,Cyclone,5,2
16.2_81.1,Cyclone,11,3
16.2_81.3,Cyclone,10,1
16.2_81.4,Cyclone,11,1
16.2_81.5,Cyclone,10,1
16.2_81.8,Cyclone,5,1
16.2_81.8,Cyclone,10,1
16.2_96.4,Cyclone,9,1
16.3_80.4,Flood,5,1
16.3_80.4,Flood,8,1
16.3_80.4,Flood,10,1
16.3_81.4,Cyclone,10,1
16.3_82.0,Cyclone,9,1
16.3_82.1,Cyclone,10,1
16.3_82.2,Cyclone,10,2
16.3_82.4,Cyclone,5,1
16.3_82.6,Cyclone,11,1
16.3_82.9,Cyclone,9,1
16.3_94.0,Cyclone,10,1
16.4_73.3,Cyclone,5,1
16.4_82.1,Cyclone,10,1
16.4_82.2,Cyclone,10,1
16.5_79.7,Earthquake,5,1
16.5_80.6,Landslide,4,1
16.5_80.6,Landslide,5,1
16.5_80.6,Landslide,8,2
16.5_80.6,Landslide,9,1
16.5_80.6,Landslide,10,1
16.5_80.6,Landslide,11,1
16.5_80.7,Landslide,2,1
16.5_80.7,Landslide,8,1
16.5_82.2,Cyclone,9,1
16.5_82.2,Cyclone,10,1
16.5_82.4,Cyclone,10,1
16.5_82.4,Cyclone,11,1
16.5_82.5,Cyclone,8,1
16.6_73.7,Cyclone,6,1
16.6_73.7,Landslide,7,1
16.6_80.6,Landslide,6,1
16.6_80.8,Flood,8,3
16.6_82.9,Cyclone,9,1
16.7_73.5,Landslide,1,1
16.7_74.2,Flood,7,1
16.7_82.2,Cyclone,10,1
16.8_83.3,Cyclone,11,1
16.9_73.5,Cyclone,10,1
16.9_73.5,Landslide,7,3
16.9_73.6,Landslide,6,1
16.9_73.7,Earthquake,11,1
16.9_81.4,Flood,8,2
16.9_82.5,Cyclone,5,1
16.9_82.8,Cyclone,10,1
16.9_94.3,Cyclone,4,1
17.0_73.3,Cyclone,11,1
17.0_73.3,Landslide,7,1
17.0_73.4,Landslide,6,1
17.0_73.5,Earthquake,12,1
17.0_73.5,Landslide,6,1
17.0_79.3,Flood,8,1
17.0_81.8,Flood,8,5
17.0_82.2,Cyclone,11,2
17.0_83.0,Cyclone,10,1
17.0_94.4,Cyclone,5,1
17.1_73.4,Earthquake,12,1
17.1_73.5,Landslide,8,1
17.1_73.6,Earthquake,4,1
17.1_73.6,Earthquake,12,1
17.1_73.7,Earthquake,3,2
17.1_73.7,Earthquake,4,1
17.1_73.7,Earthquake,9,1
17.1_73.7,Earthquake,11,1
17.1_73.8,Earthquake,8,1
17.1_73.9,Earthquake,6,1
17.1_82.9,Cyclone,11,1
17.1_83.2,Cyclone,10,1
17.1_83.2,Cyclone,11,1
17.1_83.7,Cyclone,10,1
17.2_73.5,Earthquake,2,1
17.2_73.6,Earthquake,4,2
17.2_73.7,Earthquake,1,1
17.2_73.7,Earthquake,8,2
17.2_73.8,Earthquake,2,1
17.2_73.9,Earthquake,11,1
17.2_80.2,Flood,8,2
17.2_82.6,Cyclone,9,1
17.2_82.8,Cyclone,9,1
17.2_84.1,Cyclone,9,1
17.3_73.5,Landslide,1,1
17.3_73.9,Earthquake,1,1
17.3_73.9,Earthquake,12,1
17.3_75.7,Flood,8,2
17.3_76.8,Flood,8,2
17.3_82.0,Flood,8,2
17.3_82.8,Cyclone,10,1
17.3_83.9,Cyclone,6,1
17.4_73.5,Landslide,8,1
17.4_73.8,Earthquake,9,1
17.4_73.9,Earthquake,9,1
17.4_74.0,Earthquake,10,1
17.4_74.1,Earthquake,8,1
17.4_77.5,Earthquake,10,1
17.4_78.5,Flood,8,1
17.4_78.5,Landslide,8,1
17.4_83.1,Cyclone,1,1
17.4_83.2,Cyclone,6,1
17.4_83.6,Cyclone,9,1
17.4_94.5,Cyclone,5,1
17.5_74.1,Earthquake,3,1
17.5_78.5,Landslide,10,1
17.5_83.1,Cyclone,1,1
17.5_84.5,Cyclone,10,1
17.5_94.5,Cyclone,4,1
17.6_73.2,Landslide,6,1
17.6_73.7,Earthquake,11,1
17.6_73.8,Earthquake,3,1
17.6_74.2,Earthquake,7,1
17.6_83.4,Cyclone,10,1
17.6_83.5,Cyclone,11,1
17.6_84.4,Cyclone,11,1
17.7_75.9,Flood,7,1
17.7_80.9,Flood,8,2
17.7_83.2,Landslide,2,1
17.7_83.3,Cyclone,1,1
17.7_83.3,Cyclone,4,1
17.7_83.3,Cyclone,5,1
17.7_83.3,Cyclone,9,1
17.7_83.3,Cyclone,10,2
17.7_83.3,Cyclone,11,1
17.7_83.3,Landslide,12,1
17.7_83.4,Cyclone,9,1
17.7_83.5,Cyclone,10,2
17.8_72.8,Cyclone,6,1
17.8_72.8,Cyclone,10,1
17.8_83.6,Cyclone,6,1
17.8_83.7,Cyclone,9,1
17.8_83.9,Cyclone,9,1
17.8_84.1,Cyclone,10,1
17.8_84.3,Cyclone,11,1
17.8_84.5,Cyclone,6,1
17.8_86.5,Earthquake,12,1
17.9_72.7,Cyclone,11,1
17.9_73.3,Landslide,6,1
17.9_73.4,Landslide,4,1
17.9_76.4,Earthquake,10,1
17.9_76.6,Earthquake,9,1
17.9_77.5,Flood,8,1
17.9_83.5,Cyclone,9,1
17.9_83.9,Cyclone,10,1
17.9_84.5,Cyclone,10,1
18.0_76.5,Earthquake,6,1
18.0_79.6,Flood,5,1
18.0_79.6,Flood,8,1
18.0_83.6,Cyclone,9,1
18.0_83.8,Cyclone,6,1
18.0_83.9,Cyclone,9,1
18.0_83.9,Cyclone,10,2
18.0_84.0,Cyclone,9,1
18.0_84.1,Cyclone,9,1
18.0_84.5,Cyclone,8,1
18.0_84.9,Cyclone,11,1
18.0_94.2,Cyclone,5,1
18.1_76.4,Earthquake,9,1
18.1_76.5,Earthquake,11,1
18.1_76.5,Earthquake,12,1
18.1_76.9,Earthquake,10,1
18.1_81.5,Flood,8,3
18.1_83.4,Cyclone,10,1
18.1_83.9,Cyclone,6,1
18.1_84.2,Cyclone,7,1
18.1_84.2,Cyclone,11,1
18.1_84.5,Cyclone,10,1
18.1_84.6,Cyclone,9,1
18.2_73.4,Landslide,6,1
18.2_76.0,Landslide,9,1
18.2_76.7,Earthquake,9,1
18.2_84.0,Cyclone,8,1
18.2_84.0,Cyclone,9,2
18.2_84.2,Cyclone,10,1
18.2_84.3,Cyclone,8,1
18.2_84.6,Cyclone,9,1
18.2_84.9,Cyclone,8,1
18.2_87.4,Earthquake,7,1
18.3_76.7,Earthquake,11,1
18.3_83.0,Landslide,8,1
18.3_83.0,Landslide,12,1
18.3_83.1,Landslide,10,1
18.3_83.9,Cyclone,5,1
18.3_83.9,Cyclone,11,3
18.3_83.9,Cyclone,12,1
18.3_84.2,Cyclone,11,1
18.3_84.6,Cyclone,9,1
18.4_73.5,Landslide,3,1
18.4_79.1,Landslide,6,1
18.4_83.3,Cyclone,9,1
18.4_84.2,Cyclone,8,1
18.4_84.6,Cyclone,9,1
18.5_72.8,Cyclone,10,1
18.5_73.2,Landslide,7,1
18.5_73.9,Flood,7,1
18.5_84.5,Cyclone,9,1
18.5_84.5,Cyclone,10,1
18.5_84.6,Cyclone,8,1
18.5_84.6,Cyclone,10,1
18.5_93.6,Cyclone,5,1
18.6_72.9,Cyclone,11,1
18.6_84.5,Cyclone,8,1
18.6_84.6,Cyclone,11,1
18.7_73.5,Landslide,10,1
18.7_75.2,Flood,5,1
18.7_84.7,Cyclone,7,1
18.7_84.8,Cyclone,7,1
18.7_84.8,Cyclone,10,1
18.7_85.2,Cyclone,10,1
18.7_93.6,Cyclone,5,2
18.7_93.7,Cyclone,4,1
18.8_72.1,Cyclone,5,1
18.8_73.3,Landslide,7,2
18.8_73.3,Landslide,8,1
18.8_73.4,Landslide,1,1
18.8_73.4,Landslide,6,3
18.8_73.4,Landslide,11,1
18.8_73.5,Landslide,6,1
18.8_82.8,Landslide,9,1
18.8_82.9,Landslide,9,1
18.8_84.7,Cyclone,8,1
18.8_84.8,Cyclone,8,1
18.8_84.9,Cyclone,6,1
18.8_84.9,Cyclone,11,1
18.8_93.3,Cyclone,5,1
18.8_93.6,Cyclone,11,1
18.9_72.7,Cyclone,5,1
18.9_85.1,Cyclone,9,1
19.0_72.8,Landslide,8,1
19.0_72.9,Landslide,3,1
19.0_72.9,Landslide,6,1
19.0_72.9,Landslide,8,2
19.0_72.9,Landslide,10,2
19.0_73.3,Landslide,6,1
19.0_73.8,Landslide,7,2
19.0_84.8,Cyclone,5,1
19.0_84.8,Cyclone,10,1
19.0_85.0,Cyclone,6,1
19.0_85.0,Cyclone,9,1
19.0_85.7,Cyclone,9,1
19.1_72.8,Landslide,12,1
19.1_72.9,Flood,7,2
19.1_72.9,Landslide,3,1
19.1_72.9,Landslide,6,2
19.1_72.9,Landslide,7,2
19.1_72.9,Landslide,8,1
19.1_73.0,Landslide,6,1
19.1_73.0,Landslide,8,1
19.1_74.7,Flood,5,1
19.1_83.6,Landslide,3,1
19.1_84.1,Landslide,12,1
19.1_84.8,Cyclone,6,1
19.1_85.1,Cyclone,10,2
19.2_72.9,Landslide,6,1
19.2_72.9,Landslide,7,1
19.2_72.9,Landslide,8,1
19.2_73.0,Landslide,6,1
19.2_73.0,Landslide,7,2
19.2_73.0,Landslide,8,2
19.2_73.2,Landslide,8,1
19.2_73.7,Landslide,7,1
19.2_83.4,Flood,5,1
19.2_84.2,Landslide,12,1
19.2_84.9,Cyclone,10,1
19.2_85.2,Cyclone,8,1
19.2_85.3,Cyclone,6,1
19.2_85.3,Cyclone,9,1
19.2_85.6,Cyclone,8,2
19.2_93.5,Cyclone,11,1
19.3_73.1,Landslide,2,1
19.3_73.8,Landslide,2,1
19.3_73.8,Landslide,3,1
19.3_73.8,Landslide,7,1
19.3_73.8,Landslide,10,1
19.3_83.2,Landslide,9,1
19.3_84.8,Cyclone,11,1
19.3_84.9,Cyclone,10,3
19.3_84.9,Cyclone,11,2
19.3_85.0,Cyclone,10,1
19.3_85.2,Cyclone,6,1
19.3_85.2,Cyclone,8,1
19.3_85.2,Cyclone,9,1
19.3_85.3,Cyclone,7,1
19.3_85.3,Cyclone,10,1
19.3_85.5,Cyclone,6,1
19.3_85.7,Cyclone,9,1
19.4_84.6,Landslide,6,1
19.4_85.0,Cyclone,10,1
19.4_85.1,Cyclone,7,1
19.4_85.2,Cyclone,6,2
19.4_85.3,Cyclone,6,1
19.5_72.5,Cyclone,11,1
19.5_72.8,Landslide,9,1
19.5_78.8,Cyclone,10,1
19.5_83.2,Landslide,5,1
19.5_85.3,Cyclone,7,1
19.5_85.5,Cyclone,6,1
19.5_85.5,Cyclone,9,1
19.5_85.7,Cyclone,7,1
19.5_85.9,Cyclone,9,1
19.5_85.9,Cyclone,10,1
19.5_86.0,Cyclone,8,1
19.5_87.0,Cyclone,8,1
19.6_71.9,Cyclone,6,1
19.6_72.6,Cyclone,9,1
19.6_72.9,Landslide,4,1
19.6_83.5,Cyclone,9,1
19.6_85.4,Cyclone,7,1
19.6_85.5,Cyclone,9,1
19.6_85.6,Cyclone,6,1
19.6_85.6,Cyclone,9,1
19.6_85.7,Cyclone,9,2
19.6_85.7,Cyclone,10,1
19.6_85.8,Cyclone,8,2
19.6_86.0,Cyclone,10,1
19.6_86.1,Cyclone,9,1
19.6_86.3,Cyclone,11,1
19.6_92.4,Cyclone,11,1
19.6_92.9,Cyclone,5,1
19.6_93.4,Cyclone,5,1
19.7_73.5,Landslide,7,1
19.7_73.5,Landslide,12,1
19.7_85.6,Cyclone,6,2
19.7_85.7,Cyclone,9,1
19.7_85.8,Cyclone,7,1
19.7_85.8,Cyclone,9,1
19.7_85.9,Cyclone,8,1
19.7_86.0,Cyclone,10,1
19.7_86.1,Cyclone,8,1
19.7_86.1,Cyclone,9,1
19.7_86.2,Cyclone,7,1
19.7_86.3,Cyclone,6,1
19.7_93.0,Cyclone,11,1
19.8_85.7,Cyclone,9,1
19.8_85.8,Cyclone,4,1
19.8_85.8,Cyclone,10,1
19.8_85.9,Cyclone,8,1
19.8_86.2,Cyclone,8,2
19.8_86.2,Cyclone,9,1
19.8_86.2,Cyclone,10,1
19.8_86.3,Cyclone,8,2
19.8_86.3,Cyclone,9,1
19.8_86.5,Cyclone,5,1
19.8_86.5,Cyclone,6,1
19.8_86.5,Cyclone,7,1
19.8_86.6,Cyclone,8,1
19.8_86.6,Cyclone,10,1
19.8_86.7,Cyclone,8,2
19.9_86.0,Cyclone,7,1
19.9_86.1,Cyclone,6,1
19.9_86.2,Cyclone,7,1
19.9_86.2,Cyclone,8,2
19.9_86.3,Cyclone,7,1
19.9_86.3,Cyclone,9,1
19.9_86.5,Cyclone,9,1
19.9_86.6,Cyclone,8,1
19.9_87.0,Cyclone,6,1
19.9_87.3,Cyclone,10,1
19.9_93.3,Cyclone,4,1
20.0_71.8,Cyclone,8,1
20.0_72.7,Cyclone,11,1
20.0_73.8,Flood,7,1
20.0_73.8,Flood,12,1
20.0_73.8,Landslide,11,1
20.0_81.9,Flood,6,1
20.0_86.0,Cyclone,8,1
20.0_86.0,Cyclone,10,1
20.0_86.2,Cyclone,7,1
20.0_86.5,Cyclone,6,1
20.0_86.5,Cyclone,7,2
20.0_86.5,Cyclone,8,1
20.0_86.5,Cyclone,10,1
20.0_86.6,Cyclone,7,1
20.0_86.6,Cyclone,9,1
20.0_86.6,Cyclone,10,1
20.0_87.2,Cyclone,7,1
20.0_92.4,Cyclone,5,2
20.0_92.9,Cyclone,11,1
20.0_93.0,Cyclone,5,1
20.1_80.1,Cyclone,8,1
20.1_86.2,Cyclone,10,1
20.1_86.5,Cyclone,8,1
20.1_86.7,Cyclone,6,1
20.1_86.7,Cyclone,8,1
20.1_86.7,Cyclone,9,1
20.1_86.8,Cyclone,8,1
20.1_86.9,Cyclone,8,1
20.1_86.9,Cyclone,11,1
20.1_87.4,Cyclone,6,1
20.1_92.5,Cyclone,6,1
20.1_92.8,Cyclone,5,1
20.2_73.8,Flood,7,6
20.2_85.6,Flood,7,1
20.2_86.2,Cyclone,10,1
20.2_86.2,Flood,7,1
20.2_86.5,Cyclone,7,1
20.2_86.6,Cyclone,7,1
20.2_86.6,Cyclone,9,2
20.2_86.7,Cyclone,6,1
20.2_86.7,Cyclone,7,1
20.2_86.7,Cyclone,9,2
20.2_86.8,Cyclone,7,1
20.2_86.8,Cyclone,8,1
20.2_86.9,Cyclone,8,2
20.2_86.9,Cyclone,9,1
20.2_86.9,Cyclone,10,1
20.2_87.2,Cyclone,8,1
20.2_87.2,Cyclone,9,1
20.2_87.6,Cyclone,6,1
20.3_70.7,Cyclone,6,1
20.3_85.8,Cyclone,10,2
20.3_86.6,Cyclone,10,2
20.3_86.6,Cyclone,11,1
20.3_86.6,Cyclone,12,1
20.3_86.8,Cyclone,7,3
20.3_86.8,Cyclone,8,1
20.3_86.9,Cyclone,7,1
20.3_86.9,Cyclone,8,1
20.3_87.1,Cyclone,7,1
20.3_87.2,Cyclone,6,1
20.3_87.2,Cyclone,9,1
20.3_87.4,Cyclone,8,1
20.3_87.6,Cyclone,7,1
20.3_91.7,Cyclone,2,1
20.3_91.8,Cyclone,5,1
20.4_70.6,Cyclone,11,1
20.4_70.7,Cyclone,11,1
20.4_78.1,Flood,5,1
20.4_86.8,Cyclone,9,1
20.4_87.0,Cyclone,6,1
20.4_87.0,Cyclone,7,1
20.4_87.0,Cyclone,8,2
20.4_87.1,Cyclone,6,1
20.4_87.1,Cyclone,7,1
20.4_87.2,Cyclone,9,1
20.4_87.4,Cyclone,7,1
20.4_92.5,Cyclone,5,2
20.5_70.5,Cyclone,6,1
20.5_70.6,Cyclone,4,1
20.5_71.0,Cyclone,6,2
20.5_73.2,Landslide,8,1
20.5_84.2,Flood,12,1
20.5_85.9,Cyclone,10,1
20.5_85.9,Flood,7,4
20.5_86.0,Cyclone,8,2
20.5_86.4,Cyclone,10,1
20.5_86.4,Flood,7,2
20.5_86.9,Cyclone,7,1
20.5_86.9,Cyclone,8,2
20.5_87.0,Cyclone,8,2
20.5_87.2,Cyclone,7,1
20.5_87.5,Cyclone,8,1
20.5_88.0,Cyclone,8,1
20.5_92.5,Cyclone,11,1
20.6_70.7,Cyclone,6,1
20.6_71.2,Cyclone,6,1
20.6_71.4,Earthquake,8,1
20.6_71.7,Cyclone,6,1
20.6_82.7,Cyclone,8,1
20.6_87.0,Cyclone,6,1
20.6_87.0,Cyclone,8,1
20.6_87.1,Cyclone,7,1
20.6_87.1,Cyclone,10,2
20.6_87.2,Cyclone,6,1
20.6_87.2,Cyclone,8,1
20.6_87.2,Cyclone,9,1
20.6_87.3,Cyclone,6,1
20.6_87.6,Cyclone,7,1
20.6_91.4,Cyclone,6,1
20.6_92.0,Cyclone,5,1
20.6_92.0,Cyclone,10,1
20.6_93.4,Cyclone,9,1
20.7_70.1,Cyclone,7,1
20.7_71.1,Cyclone,6,1
20.7_71.5,Cyclone,10,1
20.7_71.7,Cyclone,10,1
20.7_83.5,Flood,5,1
20.7_83.5,Flood,7,1
20.7_87.0,Cyclone,7,1
20.7_87.1,Cyclone,7,1
20.7_87.1,Cyclone,8,2
20.7_87.3,Cyclone,8,1
20.7_87.5,Cyclone,7,2
20.7_91.6,Cyclone,10,1
20.7_91.7,Cyclone,5,1
20.7_92.1,Cyclone,5,1
20.7_92.3,Cyclone,8,1
20.8_69.3,Cyclone,6,1
20.8_70.4,Cyclone,7,1
20.8_71.0,Cyclone,9,1
20.8_72.4,Cyclone,6,1
20.8_72.5,Cyclone,10,1
20.8_83.9,Flood,7,2
20.8_84.3,Flood,7,2
20.8_86.3,Flood,7,1
20.8_87.1,Cyclone,9,1
20.8_87.3,Cyclone,8,1
20.8_87.4,Cyclone,9,1
20.8_87.6,Cyclone,9,1
20.8_88.0,Cyclone,8,1
20.9_70.1,Cyclone,6,1
20.9_70.2,Cyclone,10,1
20.9_70.4,Cyclone,6,1
20.9_77.7,Landslide,6,1
20.9_87.0,Cyclone,6,1
20.9_87.0,Cyclone,7,2
20.9_87.0,Cyclone,8,1
20.9_87.1,Cyclone,6,2
20.9_87.2,Cyclone,6,1
20.9_87.2,Cyclone,9,1
20.9_87.3,Cyclone,8,1
20.9_87.5,Cyclone,7,1
20.9_87.5,Cyclone,11,1
20.9_89.3,Cyclone,7,1
20.9_91.5,Cyclone,5,1
20.9_91.5,Cyclone,11,1
20.9_91.9,Cyclone,5,1
21.0_70.3,Cyclone,9,1
21.0_71.8,Cyclone,7,1
21.0_75.8,Flood,7,1
21.0_86.5,Cyclone,10,1
21.0_86.9,Cyclone,7,1
21.0_87.0,Cyclone,7,2
21.0_87.0,Cyclone,8,1
21.0_87.0,Cyclone,9,1
21.0_87.1,Cyclone,9,1
21.0_87.2,Cyclone,8,2
21.0_87.5,Cyclone,9,1
21.0_88.5,Cyclone,6,1
21.0_88.5,Cyclone,10,1
21.0_89.3,Cyclone,10,1
21.0_92.1,Cyclone,6,1
21.0_92.2,Cyclone,7,1
21.0_93.0,Cyclone,10,1
21.1_69.7,Cyclone,10,1
21.1_70.0,Cyclone,6,1
21.1_71.9,Cyclone,6,1
21.1_86.9,Cyclone,7,1
21.1_86.9,Cyclone,10,1
21.1_87.0,Cyclone,6,1
21.1_87.0,Cyclone,7,1
21.1_87.0,Cyclone,9,2
21.1_87.1,Cyclone,7,1
21.1_88.7,Cyclone,11,1
21.1_89.0,Cyclone,7,1
21.1_90.1,Cyclone,10,1
21.1_90.4,Cyclone,10,1
21.1_92.0,Cyclone,5,1
21.1_92.1,Cyclone,12,1
21.2_69.9,Cyclone,6,1
21.2_70.1,Cyclone,5,1
21.2_70.5,Earthquake,10,1
21.2_70.7,Earthquake,11,1
21.2_70.9,Earthquake,11,1
21.2_72.8,Cyclone,11,1
21.2_72.8,Flood,7,4
21.2_86.8,Cyclone,7,1
21.2_86.9,Cyclone,8,2
21.2_86.9,Cyclone,9,1
21.2_87.1,Cyclone,7,2
21.2_87.1,Cyclone,8,1
21.2_87.2,Cyclone,9,1
21.2_87.3,Cyclone,9,2
21.2_87.4,Cyclone,7,1
21.2_87.6,Cyclone,7,1
21.2_87.8,Cyclone,9,1
21.2_87.9,Cyclone,8,1
21.2_88.0,Cyclone,8,1
21.2_88.3,Cyclone,10,1
21.2_88.4,Cyclone,5,1
21.2_88.8,Cyclone,11,1
21.2_90.0,Cyclone,6,1
21.2_90.2,Cyclone,5,1
21.2_91.4,Cyclone,11,1
21.2_92.0,Cyclone,10,1
21.2_92.2,Cyclone,10,1
21.3_86.5,Cyclone,9,1
21.3_87.0,Cyclone,6,1
21.3_87.0,Cyclone,7,1
21.3_87.0,Cyclone,8,1
21.3_87.1,Cyclone,7,3
21.3_87.3,Cyclone,5,1
21.3_87.3,Cyclone,8,2
21.3_87.5,Cyclone,8,1
21.3_87.8,Cyclone,8,1
21.3_87.8,Cyclone,9,2
21.3_88.4,Cyclone,8,1
21.3_88.6,Cyclone,8,1
21.3_88.7,Cyclone,10,1
21.3_88.9,Cyclone,9,1
21.3_89.2,Cyclone,8,1
21.3_91.9,Cyclone,10,1
21.3_91.9,Cyclone,11,2
21.4_69.4,Cyclone,6,1
21.4_71.6,Earthquake,7,1
21.4_72.4,Cyclone,10,1
21.4_87.0,Cyclone,8,1
21.4_87.1,Cyclone,7,1
21.4_87.2,Cyclone,7,1
21.4_87.3,Cyclone,6,1
21.4_87.3,Cyclone,7,1
21.4_87.4,Cyclone,11,1
21.4_87.5,Cyclone,9,1
21.4_87.6,Cyclone,6,1
21.4_87.6,Cyclone,8,2
21.4_87.7,Cyclone,9,1
21.4_87.8,Cyclone,8,1
21.4_87.9,Cyclone,10,1
21.4_88.1,Cyclone,9,1
21.4_88.3,Cyclone,6,2
21.4_88.5,Cyclone,7,1
21.4_88.5,Cyclone,8,2
21.4_88.5,Cyclone,9,2
21.4_88.6,Cyclone,8,1
21.4_88.7,Cyclone,5,1
21.4_88.7,Cyclone,6,1
21.4_88.8,Cyclone,9,1
21.4_88.9,Cyclone,6,1
21.4_88.9,Cyclone,8,1
21.4_88.9,Cyclone,10,1
21.4_89.0,Cyclone,9,1
21.4_89.0,Cyclone,10,1
21.4_89.2,Cyclone,9,1
21.4_89.4,Cyclone,8,1
21.4_91.9,Cyclone,6,1
21.5_69.0,Cyclone,6,1
21.5_69.0,Cyclone,9,1
21.5_69.6,Cyclone,7,1
21.5_70.2,Cyclone,7,1
21.5_70.5,Cyclone,6,1
21.5_71.1,Earthquake,8,1
21.5_73.0,Earthquake,11,1
21.5_83.9,Landslide,9,1
21.5_84.0,Flood,7,1
21.5_85.2,Cyclone,7,1
21.5_86.0,Cyclone,9,1
21.5_86.9,Flood,5,1
21.5_86.9,Flood,7,1
21.5_87.0,Cyclone,8,1
21.5_87.1,Cyclone,8,1
21.5_87.2,Cyclone,7,1
21.5_87.2,Cyclone,8,2
21.5_87.4,Cyclone,8,2
21.5_87.5,Cyclone,6,1
21.5_87.5,Cyclone,7,5
21.5_87.5,Cyclone,8,3
21.5_87.5,Cyclone,9,2
21.5_87.5,Cyclone,10,1
21.5_87.6,Cyclone,6,1
21.5_87.6,Cyclone,7,1
21.5_87.7,Cyclone,8,1
21.5_87.7,Cyclone,9,2
21.5_87.8,Cyclone,9,1
21.5_87.9,Cyclone,7,1
21.5_87.9,Cyclone,12,1
21.5_88.0,Cyclone,5,1
21.5_88.0,Cyclone,6,4
21.5_88.0,Cyclone,8,1
21.5_88.1,Cyclone,9,1
21.5_88.2,Cyclone,6,1
21.5_88.2,Cyclone,8,1
21.5_88.2,Cyclone,10,1
21.5_88.3,Cyclone,6,1
21.5_88.4,Cyclone,6,1
21.5_88.4,Cyclone,8,1
21.5_88.4,Cyclone,9,1
21.5_88.4,Cyclone,11,1
21.5_88.5,Cyclone,6,3
21.5_88.5,Cyclone,7,3
21.5_88.5,Cyclone,8,2
21.5_88.5,Cyclone,9,2
21.5_88.5,Cyclone,10,1
21.5_88.8,Cyclone,6,1
21.5_88.9,Cyclone,6,1
21.5_88.9,Cyclone,7,3
21.5_88.9,Cyclone,8,1
21.5_89.0,Cyclone,5,1
21.5_89.0,Cyclone,6,1
21.5_89.0,Cyclone,8,1
21.5_89.1,Cyclone,7,1
21.5_89.1,Cyclone,9,1
21.5_89.2,Cyclone,9,1
21.5_89.3,Cyclone,5,1
21.5_89.3,Cyclone,6,2
21.5_89.3,Cyclone,9,1
21.5_89.5,Cyclone,6,3
21.5_89.5,Cyclone,8,1
21.5_89.5,Cyclone,9,1
21.5_89.6,Cyclone,5,1
21.5_89.7,Cyclone,10,1
21.5_90.1,Cyclone,10,1
21.5_90.3,Cyclone,11,1
21.5_91.7,Cyclone,5,1
21.5_91.8,Cyclone,11,1
21.5_91.8,Cyclone,12,1
21.6_69.6,Cyclone,5,1
21.6_69.6,Cyclone,10,1
21.6_71.2,Flood,6,1
21.6_71.2,Flood,7,1
21.6_75.3,Earthquake,1,1
21.6_87.4,Cyclone,6,1
21.6_87.5,Cyclone,7,3
21.6_87.5,Cyclone,10,1
21.6_87.6,Cyclone,7,2
21.6_87.6,Cyclone,8,1
21.6_87.6,Cyclone,9,1
21.6_87.7,Cyclone,6,1
21.6_87.7,Cyclone,7,3
21.6_87.7,Cyclone,8,2
21.6_87.7,Cyclone,9,1
21.6_87.7,Cyclone,10,1
21.6_87.8,Cyclone,6,1
21.6_87.8,Cyclone,8,2
21.6_87.9,Cyclone,6,1
21.6_87.9,Cyclone,7,1
21.6_87.9,Cyclone,8,1
21.6_88.0,Cyclone,5,1
21.6_88.0,Cyclone,7,1
21.6_88.0,Cyclone,8,1
21.6_88.0,Cyclone,9,1
21.6_88.0,Cyclone,11,1
21.6_88.1,Cyclone,5,1
21.6_88.1,Cyclone,9,1
21.6_88.1,Cyclone,11,1
21.6_88.2,Cyclone,5,1
21.6_88.3,Cyclone,7,1
21.6_88.5,Cyclone,5,1
21.6_88.6,Cyclone,5,1
21.6_88.7,Cyclone,10,1
21.6_88.8,Cyclone,10,1
21.6_88.9,Cyclone,7,1
21.6_89.1,Cyclone,9,1
21.6_89.2,Cyclone,7,1
21.6_89.2,Cyclone,8,1
21.6_89.3,Cyclone,12,1
21.6_89.4,Cyclone,10,1
21.6_89.5,Cyclone,8,2
21.6_89.6,Cyclone,11,1
21.6_89.8,Cyclone,5,1
21.6_90.1,Cyclone,7,1
21.6_90.2,Cyclone,11,1
21.6_90.4,Cyclone,8,1
21.6_90.4,Cyclone,11,1
21.6_91.6,Cyclone,10,1
21.7_69.4,Cyclone,10,1
21.7_73.0,Flood,7,2
21.7_74.2,Landslide,9,1
21.7_84.6,Earthquake,3,1
21.7_88.0,Cyclone,6,1
21.7_88.1,Cyclone,5,1
21.7_88.5,Cyclone,11,1
21.7_88.6,Cyclone,7,1
21.7_89.3,Cyclone,6,1
21.7_89.3,Cyclone,7,1
21.7_89.5,Cyclone,11,1
21.7_89.8,Cyclone,10,1
21.7_89.9,Cyclone,6,1
21.7_90.0,Cyclone,8,1
21.7_90.4,Cyclone,10,1
21.7_91.5,Cyclone,5,1
21.7_91.8,Cyclone,12,1
21.8_68.3,Cyclone,6,1
21.8_72.2,Cyclone,9,1
21.8_75.6,Landslide,7,1
21.8_83.9,Landslide,10,1
21.8_85.3,Earthquake,6,1
21.8_87.4,Cyclone,8,1
21.8_87.8,Cyclone,7,1
21.8_88.0,Cyclone,10,1
21.8_88.1,Cyclone,6,1
21.8_88.1,Cyclone,9,1
21.8_88.5,Cyclone,9,1
21.8_88.6,Cyclone,9,1
21.8_89.6,Cyclone,6,1
21.8_89.7,Cyclone,11,1
21.8_89.9,Cyclone,6,1
21.8_89.9,Cyclone,10,1
21.8_90.0,Cyclone,8,1
21.8_90.3,Cyclone,10,1
21.9_87.7,Cyclone,8,1
21.9_89.0,Cyclone,8,1
21.9_89.1,Cyclone,9,1
21.9_89.3,Cyclone,8,2
21.9_90.4,Cyclone,8,1
21.9_90.6,Cyclone,5,1
21.9_90.7,Cyclone,6,1
21.9_91.5,Cyclone,10,1
21.9_91.6,Cyclone,5,1
21.9_91.7,Cyclone,6,1
21.9_91.8,Cyclone,4,1
21.9_91.8,Cyclone,6,2
22.0_70.0,Cyclone,8,1
22.0_74.9,Flood,8,1
22.0_80.1,Cyclone,9,1
22.0_85.0,Cyclone,7,1
22.0_86.8,Cyclone,7,1
22.0_87.0,Cyclone,7,1
22.0_87.5,Cyclone,8,1
22.0_88.2,Cyclone,8,1
22.0_88.5,Cyclone,8,1
22.0_88.6,Cyclone,7,1
22.0_88.6,Earthquake,6,1
22.0_88.7,Flood,7,1
22.0_88.8,Cyclone,9,1
22.0_88.9,Cyclone,5,1
22.0_89.0,Cyclone,6,1
22.0_89.0,Cyclone,8,1
22.0_90.1,Cyclone,7,1
22.0_90.4,Cyclone,8,1
22.0_90.5,Cyclone,5,1
22.0_90.9,Cyclone,5,1
22.0_91.4,Cyclone,11,1
22.0_91.4,Cyclone,12,1
22.0_91.5,Cyclone,9,1
22.0_91.6,Cyclone,4,1
22.1_68.1,Cyclone,6,1
22.1_68.6,Cyclone,11,1
22.1_78.9,Landslide,7,1
22.1_85.7,Cyclone,9,1
22.1_91.0,Cyclone,7,1
22.1_91.4,Cyclone,11,1
22.1_91.5,Cyclone,10,1
22.1_91.6,Cyclone,5,1
22.1_92.7,Earthquake,1,1
22.1_92.8,Earthquake,1,1
22.1_92.8,Earthquake,2,1
22.1_93.2,Earthquake,5,1
22.1_93.4,Earthquake,11,1
22.2_69.3,Cyclone,7,1
22.2_77.7,Earthquake,1,1
22.2_83.9,Earthquake,6,1
22.2_88.0,Cyclone,7,1
22.2_88.1,Cyclone,9,1
22.2_89.0,Cyclone,8,1
22.2_91.4,Cyclone,10,2
22.2_91.5,Cyclone,11,1
22.2_92.7,Earthquake,11,1
22.2_93.0,Earthquake,10,1
22.2_93.1,Earthquake,3,1
22.2_93.2,Earthquake,9,1
22.3_69.7,Cyclone,6,1
22.3_73.2,Flood,7,3
22.3_87.2,Cyclone,7,1
22.3_87.3,Cyclone,9,1
22.3_88.3,Flood,8,1
22.3_88.6,Cyclone,5,1
22.3_88.9,Cyclone,7,1
22.3_91.0,Cyclone,6,1
22.3_91.0,Cyclone,9,1
22.3_91.3,Cyclone,11,1
22.3_91.5,Cyclone,6,1
22.3_92.8,Earthquake,12,1
22.4_68.6,Cyclone,10,1
22.4_70.5,Earthquake,4,1
22.4_85.9,Earthquake,3,1
22.4_87.3,Cyclone,12,1
22.4_87.3,Flood,7,2
22.4_87.3,Flood,8,1
22.4_91.0,Cyclone,10,1
22.4_91.1,Cyclone,6,1
22.4_91.2,Cyclone,10,1
22.4_93.0,Earthquake,10,1
22.4_93.1,Earthquake,12,1
22.5_78.0,Earthquake,3,1
22.5_87.0,Cyclone,10,1
22.5_87.8,Cyclone,9,1
22.5_88.0,Cyclone,7,2
22.5_88.5,Cyclone,9,2
22.5_89.0,Cyclone,10,1
22.5_91.0,Cyclone,4,1
22.5_91.3,Cyclone,10,1
22.5_91.3,Cyclone,11,1
22.5_92.9,Landslide,7,1
22.5_93.0,Landslide,7,1
22.6_82.9,Earthquake,2,1
22.6_85.5,Cyclone,10,1
22.6_87.4,Cyclone,6,1
22.6_88.3,Flood,7,2
22.6_88.3,Landslide,8,1
22.6_88.4,Cyclone,11,1
22.6_88.5,Flood,7,4
22.6_91.5,Cyclone,5,2
22.6_92.6,Earthquake,1,1
22.6_93.1,Earthquake,1,1
22.7_80.5,Cyclone,8,1
22.7_89.4,Cyclone,9,1
22.7_91.2,Cyclone,7,1
22.7_92.6,Earthquake,5,1
22.7_92.8,Landslide,9,1
22.8_68.7,Cyclone,6,1
22.8_77.3,Cyclone,6,1
22.8_77.7,Flood,8,1
22.8_86.2,Flood,8,1
22.8_87.9,Cyclone,7,1
22.8_89.2,Cyclone,8,1
22.8_89.3,Cyclone,9,1
22.8_92.3,Earthquake,1,1
22.8_92.3,Earthquake,5,1
22.8_92.4,Earthquake,4,1
22.8_92.4,Earthquake,7,2
22.8_92.4,Earthquake,8,1
22.9_68.9,Cyclone,10,1
22.9_79.6,Cyclone,7,1
22.9_81.6,Cyclone,8,1
22.9_84.7,Cyclone,6,1
22.9_88.3,Cyclone,8,1
22.9_89.2,Cyclone,7,1
22.9_89.2,Cyclone,9,1
22.9_90.1,Cyclone,7,1
22.9_92.7,Landslide,7,2
22.9_92.9,Earthquake,6,1
23.0_68.4,Cyclone,6,1
23.0_70.2,Cyclone,6,1
23.0_70.3,Earthquake,12,1
23.0_70.5,Earthquake,4,1
23.0_70.5,Earthquake,8,1
23.0_72.6,Landslide,11,1
23.0_85.5,Cyclone,9,1
23.0_86.5,Cyclone,9,1
23.0_87.5,Cyclone,8,1
23.0_88.2,Cyclone,7,1
23.0_88.5,Cyclone,7,1
23.0_88.7,Earthquake,1,1
23.0_90.0,Cyclone,6,1
23.0_90.0,Cyclone,8,1
23.0_90.1,Cyclone,8,1
23.0_91.7,Landslide,8,1
23.0_92.7,Earthquake,9,1
23.1_68.5,Cyclone,5,1
23.1_70.0,Earthquake,10,1
23.1_70.2,Earthquake,4,1
23.1_70.2,Earthquake,5,1
23.1_70.2,Earthquake,9,1
23.1_70.6,Earthquake,1,1
23.1_80.0,Earthquake,5,1
23.1_82.7,Earthquake,10,1
23.1_87.0,Earthquake,5,1
23.1_88.1,Cyclone,8,1
23.1_89.1,Cyclone,8,1
23.1_92.9,Earthquake,10,1
23.1_93.1,Earthquake,7,1
23.1_93.2,Earthquake,4,1
23.2_70.1,Earthquake,12,1
23.2_70.4,Earthquake,4,1
23.2_70.5,Earthquake,2,1
23.2_70.6,Earthquake,8,1
23.2_71.2,Earthquake,1,1
23.2_87.1,Flood,7,3
23.2_87.5,Cyclone,7,1
23.2_87.8,Flood,7,3
23.2_89.2,Cyclone,9,1
23.3_68.2,Cyclone,6,1
23.3_68.5,Cyclone,5,1
23.3_70.1,Earthquake,7,1
23.3_70.2,Earthquake,8,1
23.3_70.4,Earthquake,7,1
23.3_70.5,Earthquake,3,1
23.3_70.5,Earthquake,4,1
23.3_70.6,Earthquake,1,1
23.3_70.6,Earthquake,3,1
23.3_70.7,Earthquake,8,1
23.3_80.3,Earthquake,10,1
23.3_85.8,Cyclone,7,1
23.3_86.4,Earthquake,10,1
23.3_88.5,Earthquake,8,1
23.3_88.5,Earthquake,9,1
23.3_88.6,Earthquake,9,1
23.3_91.4,Earthquake,7,1
23.3_92.8,Earthquake,2,1
23.3_92.8,Landslide,7,1
23.3_93.1,Landslide,9,1
23.4_68.3,Cyclone,5,1
23.4_69.7,Earthquake,1,1
23.4_69.9,Earthquake,10,1
23.4_70.0,Earthquake,4,1
23.4_70.2,Earthquake,2,1
23.4_70.3,Earthquake,8,1
23.4_80.3,Cyclone,9,1
23.4_87.1,Earthquake,2,1
23.4_90.9,Cyclone,9,1
23.4_92.6,Earthquake,12,1
23.4_92.8,Landslide,8,2
23.4_93.1,Earthquake,9,1
23.4_93.2,Earthquake,6,1
23.4_93.3,Landslide,7,2
23.5_70.0,Earthquake,5,1
23.5_70.1,Earthquake,6,1
23.5_70.2,Earthquake,2,1
23.5_70.5,Earthquake,4,2
23.5_70.6,Earthquake,2,1
23.5_84.5,Cyclone,7,1
23.5_87.8,Cyclone,6,1
23.5_88.8,Cyclone,8,1
23.5_91.8,Earthquake,1,1
23.5_92.3,Earthquake,2,1
23.5_93.1,Earthquake,11,1
23.5_93.4,Landslide,7,1
23.5_93.5,Earthquake,11,1
23.6_69.8,Earthquake,10,1
23.6_70.0,Earthquake,3,1
23.6_70.1,Earthquake,6,1
23.6_70.2,Earthquake,1,1
23.6_70.3,Earthquake,6,1
23.6_70.3,Earthquake,9,1
23.6_70.4,Earthquake,8,1
23.6_70.4,Earthquake,11,1
23.6_70.6,Earthquake,7,1
23.6_70.7,Earthquake,1,1
23.6_71.9,Earthquake,9,1
23.6_87.4,Earthquake,11,1
23.6_91.5,Earthquake,11,1
23.6_92.9,Landslide,9,1
23.6_93.0,Earthquake,1,1
23.6_93.4,Earthquake,10,1
23.7_69.9,Flood,5,1
23.7_70.4,Earthquake,8,1
23.7_70.7,Earthquake,4,1
23.7_87.5,Flood,7,1
23.7_91.3,Earthquake,5,1
23.7_91.4,Earthquake,8,1
23.7_92.7,Landslide,5,1
23.7_92.7,Landslide,6,2
23.7_92.7,Landslide,7,4
23.7_92.7,Landslide,8,1
23.7_92.7,Landslide,9,4
23.7_92.7,Landslide,11,1
23.8_70.1,Earthquake,10,1
23.8_70.6,Earthquake,2,1
23.8_70.8,Earthquake,4,1
23.8_70.9,Earthquake,3,1
23.8_81.3,Earthquake,10,1
23.8_84.1,Cyclone,8,1
23.8_86.6,Earthquake,12,1
23.8_87.2,Cyclone,9,1
23.8_88.4,Cyclone,8,1
23.8_91.4,Earthquake,7,1
23.8_92.5,Landslide,11,1
23.8_92.7,Landslide,9,2
23.8_92.9,Earthquake,1,1
23.8_92.9,Earthquake,4,1
23.8_93.1,Landslide,8,1
23.8_93.3,Earthquake,2,1
23.8_93.8,Earthquake,6,2
23.9_69.3,Cyclone,7,1
23.9_70.1,Earthquake,1,1
23.9_85.5,Cyclone,8,1
23.9_88.2,Landslide,7,1
23.9_90.0,Cyclone,7,1
23.9_91.2,Flood,7,1
23.9_91.5,Earthquake,6,1
23.9_91.6,Earthquake,2,1
23.9_91.8,Landslide,3,1
23.9_92.9,Earthquake,11,1
23.9_93.1,Earthquake,7,1
23.9_93.1,Earthquake,11,1
23.9_93.3,Earthquake,9,1
23.9_93.4,Earthquake,9,1
23.9_93.5,Earthquake,10,1
23.9_93.7,Earthquake,3,1
23.9_93.9,Earthquake,3,1
23.9_94.0,Earthquake,3,1
23.9_94.1,Landslide,1,2
24.0_84.0,Cyclone,7,1
24.0_84.1,Landslide,7,1
24.0_88.4,Cyclone,7,1
24.0_90.0,Cyclone,8,1
24.0_92.0,Landslide,7,2
24.0_92.7,Landslide,8,1
24.0_93.3,Earthquake,3,1
24.0_93.6,Earthquake,11,1
24.0_93.7,Earthquake,7,1
24.0_93.9,Earthquake,2,1
24.0_94.0,Earthquake,10,1
24.0_94.0,Earthquake,12,1
24.0_94.0,Landslide,1,1
24.0_94.1,Landslide,1,1
24.1_82.6,Earthquake,1,1
24.1_85.7,Cyclone,7,1
24.1_85.7,Cyclone,8,1
24.1_91.5,Landslide,8,1
24.1_92.7,Landslide,9,1
24.1_92.8,Earthquake,10,1
24.1_93.6,Earthquake,1,1
24.1_93.7,Earthquake,1,1
24.1_93.7,Earthquake,11,1
24.1_94.1,Landslide,1,1
24.2_72.4,Flood,7,1
24.2_73.7,Landslide,11,1
24.2_88.3,Flood,7,1
24.2_91.5,Earthquake,6,1
24.2_91.8,Earthquake,12,2
24.2_92.7,Landslide,7,1
24.2_93.1,Earthquake,12,1
24.2_93.5,Earthquake,7,1
24.2_93.5,Earthquake,10,1
24.2_93.7,Earthquake,5,1
24.2_93.9,Earthquake,9,1
24.2_94.0,Earthquake,5,1
24.2_94.1,Landslide,1,1
24.2_94.1,Landslide,10,1
24.2_94.3,Earthquake,3,1
24.2_94.4,Earthquake,3,1
24.2_94.5,Earthquake,5,1
24.2_94.5,Earthquake,7,1
24.2_94.6,Earthquake,4,1
24.3_69.0,Cyclone,7,1
24.3_93.1,Landslide,9,1
24.3_93.7,Earthquake,1,1
24.3_94.0,Earthquake,9,2
24.3_94.1,Landslide,1,1
24.3_94.2,Earthquake,7,1
24.3_94.3,Earthquake,5,1
24.3_94.3,Earthquake,10,1
24.3_94.3,Earthquake,12,1
24.3_94.5,Earthquake,3,1
24.3_94.5,Earthquake,5,1
24.3_94.5,Earthquake,8,1
24.3_94.5,Earthquake,11,1
24.3_94.7,Earthquake,3,1
24.3_94.7,Earthquake,9,1
24.3_94.8,Earthquake,3,1
24.3_94.8,Earthquake,8,2
24.4_85.6,Landslide,7,1
24.4_92.1,Earthquake,8,1
24.4_92.3,Earthquake,6,1
24.4_92.4,Earthquake,12,1
24.4_92.6,Earthquake,1,1
24.4_93.5,Earthquake,9,1
24.4_93.9,Earthquake,9,1
24.4_94.1,Landslide,1,2
24.4_94.1,Landslide,11,1
24.4_94.2,Earthquake,2,1
24.4_94.2,Landslide,1,1
24.4_94.4,Earthquake,10,1
24.4_94.4,Earthquake,12,1
24.4_94.5,Earthquake,2,1
24.4_94.5,Earthquake,8,1
24.4_94.5,Earthquake,12,1
24.4_94.6,Earthquake,4,1
24.4_94.6,Earthquake,10,1
24.4_94.6,Earthquake,12,1
24.4_94.7,Earthquake,6,1
24.4_94.7,Earthquake,8,2
24.4_94.7,Earthquake,9,1
24.4_94.7,Earthquake,11,1
24.4_94.8,Earthquake,1,1
24.4_94.8,Earthquake,2,1
24.4_94.8,Earthquake,12,1
24.4_95.0,Earthquake,8,2
24.5_78.4,Cyclone,8,1
24.5_80.5,Cyclone,8,1
24.5_85.3,Landslide,9,1
24.5_92.1,Earthquake,7,1
24.5_92.3,Earthquake,11,1
24.5_92.5,Landslide,5,2
24.5_92.7,Landslide,5,1
24.5_93.7,Earthquake,2,1
24.5_94.0,Earthquake,10,1
24.5_94.0,Landslide,7,1
24.5_94.5,Earthquake,3,1
24.5_94.5,Earthquake,9,1
24.5_94.6,Earthquake,4,1
24.5_94.7,Earthquake,1,1
24.5_94.7,Earthquake,7,1
24.5_94.7,Earthquake,9,1
24.5_94.7,Earthquake,11,3
24.5_94.8,Earthquake,2,1
24.5_94.8,Earthquake,7,1
24.5_94.9,Earthquake,3,1
24.5_95.0,Earthquake,10,1
24.5_95.1,Earthquake,5,1
24.6_72.7,Landslide,7,1
24.6_72.7,Landslide,9,1
24.6_92.3,Earthquake,11,1
24.6_92.4,Landslide,3,1
24.6_92.5,Earthquake,2,1
24.6_92.6,Landslide,2,1
24.6_93.8,Flood,7,1
24.6_94.0,Earthquake,4,1
24.6_94.4,Earthquake,5,1
24.6_94.5,Earthquake,5,1
24.6_94.6,Earthquake,5,1
24.6_94.6,Earthquake,9,1
24.6_94.7,Earthquake,1,1
24.6_94.7,Earthquake,3,1
24.6_94.7,Earthquake,4,1
24.6_94.7,Earthquake,8,1
24.6_94.7,Earthquake,12,1
24.6_94.8,Earthquake,4,1
24.6_94.8,Earthquake,6,1
24.6_94.8,Earthquake,9,2
24.6_94.9,Earthquake,4,1
24.6_94.9,Earthquake,8,1
24.6_94.9,Earthquake,11,1
24.6_94.9,Earthquake,12,1
24.6_95.0,Earthquake,4,1
24.6_95.0,Earthquake,8,1
24.6_95.0,Earthquake,9,1
24.6_95.0,Earthquake,12,1
24.6_95.1,Earthquake,4,1
24.6_95.1,Earthquake,7,1
24.6_95.6,Earthquake,6,1
24.7_84.4,Cyclone,8,1
24.7_85.6,Landslide,5,1
24.7_87.0,Cyclone,8,1
24.7_92.1,Earthquake,2,1
24.7_92.2,Earthquake,3,1
24.7_92.4,Earthquake,10,1
24.7_92.7,Earthquake,8,1
24.7_93.1,Earthquake,12,1
24.7_93.2,Earthquake,11,1
24.7_93.4,Landslide,11,1
24.7_93.5,Landslide,11,1
24.7_93.9,Landslide,3,1
24.7_93.9,Landslide,7,1
24.7_94.0,Landslide,9,1
24.7_94.1,Earthquake,3,1
24.7_94.3,Earthquake,3,1
24.7_94.5,Earthquake,1,1
24.7_94.5,Earthquake,10,1
24.7_94.7,Earthquake,3,1
24.7_94.7,Earthquake,8,1
24.7_94.8,Earthquake,4,1
24.7_95.0,Earthquake,1,1
24.7_95.1,Earthquake,3,1
24.7_95.1,Earthquake,6,1
24.7_95.1,Earthquake,11,1
24.7_95.2,Earthquake,4,1
24.7_95.2,Earthquake,5,1
24.7_95.2,Earthquake,8,1
24.7_95.2,Earthquake,12,1
24.7_95.3,Earthquake,8,1
24.7_95.6,Earthquake,1,1
24.8_71.8,Cyclone,7,1
24.8_80.2,Cyclone,8,1
24.8_85.0,Flood,5,2
24.8_92.5,Earthquake,12,1
24.8_92.9,Earthquake,8,1
24.8_93.0,Landslide,7,1
24.8_93.1,Landslide,6,1
24.8_93.3,Earthquake,12,1
24.8_93.4,Landslide,8,3
24.8_93.4,Landslide,10,1
24.8_93.5,Landslide,7,1
24.8_93.5,Landslide,10,1
24.8_93.6,Landslide,5,1
24.8_93.7,Earthquake,1,1
24.8_93.9,Landslide,6,1
24.8_93.9,Landslide,7,2
24.8_93.9,Landslide,8,1
24.8_94.0,Earthquake,12,1
24.8_94.3,Earthquake,6,1
24.8_94.4,Landslide,7,1
24.8_94.5,Earthquake,5,1
24.8_94.6,Earthquake,9,1
24.8_94.7,Earthquake,9,1
24.8_94.8,Earthquake,3,1
24.8_95.0,Earthquake,8,2
24.8_95.1,Earthquake,5,1
24.8_95.1,Earthquake,7,1
24.8_95.1,Earthquake,8,1
24.8_95.2,Earthquake,1,1
24.8_95.2,Earthquake,3,1
24.8_95.2,Earthquake,4,1
24.8_95.2,Earthquake,5,1
24.8_95.2,Earthquake,8,1
24.8_95.2,Earthquake,10,1
24.8_95.3,Earthquake,4,1
24.8_95.3,Earthquake,6,1
24.8_95.3,Earthquake,7,1
24.8_95.3,Earthquake,10,1
24.8_95.3,Earthquake,11,2
24.8_95.4,Earthquake,3,1
24.8_95.4,Earthquake,6,1
24.8_95.4,Earthquake,11,1
24.9_92.2,Earthquake,5,1
24.9_92.4,Earthquake,2,1
24.9_92.4,Landslide,9,1
24.9_93.1,Earthquake,2,1
24.9_93.4,Earthquake,1,1
24.9_93.5,Landslide,1,1
24.9_93.5,Landslide,8,1
24.9_93.6,Earthquake,8,1
24.9_93.7,Earthquake,4,1
24.9_93.7,Landslide,7,1
24.9_93.8,Landslide,6,1
24.9_93.8,Landslide,7,1
24.9_94.0,Earthquake,1,1
24.9_94.1,Earthquake,6,1
24.9_94.2,Earthquake,10,1
24.9_94.4,Earthquake,1,1
24.9_94.4,Landslide,8,1
24.9_94.5,Landslide,1,1
24.9_94.7,Earthquake,12,1
24.9_94.9,Earthquake,11,1
24.9_95.0,Earthquake,4,1
24.9_95.0,Earthquake,8,1
24.9_95.1,Earthquake,5,1
24.9_95.1,Earthquake,11,1
24.9_95.2,Earthquake,3,1
24.9_95.2,Earthquake,4,1
24.9_95.3,Earthquake,5,1
24.9_95.3,Earthquake,8,1
24.9_95.3,Earthquake,12,1
24.9_95.6,Earthquake,11,1
24.9_95.8,Earthquake,12,1
25.0_74.6,Cyclone,9,1
25.0_77.0,Cyclone,9,1
25.0_82.5,Cyclone,9,1
25.0_83.6,Flood,5,1
25.0_88.1,Cyclone,10,1
25.0_92.5,Landslide,3,1
25.0_92.6,Earthquake,7,1
25.0_92.8,Landslide,5,1
25.0_92.8,Landslide,7,1
25.0_93.3,Earthquake,10,1
25.0_93.5,Landslide,1,1
25.0_93.5,Landslide,7,4
25.0_93.5,Landslide,8,1
25.0_93.5,Landslide,12,1
25.0_93.6,Landslide,8,1
25.0_94.0,Earthquake,6,1
25.0_94.0,Landslide,6,1
25.0_94.2,Earthquake,7,1
25.0_94.2,Landslide,1,1
25.0_94.3,Landslide,7,1
25.0_95.0,Earthquake,4,1
25.0_95.1,Earthquake,6,1
25.0_95.1,Earthquake,7,1
25.0_95.1,Earthquake,10,1
25.0_95.1,Earthquake,12,1
25.0_95.2,Earthquake,1,1
25.0_95.2,Earthquake,9,1
25.0_95.2,Earthquake,12,1
25.0_95.3,Earthquake,3,1
25.0_95.3,Earthquake,5,1
25.0_95.4,Earthquake,1,1
25.0_95.4,Earthquake,6,1
25.0_95.4,Earthquake,7,1
25.0_95.5,Earthquake,9,1
25.1_75.7,Landslide,10,1
25.1_88.8,Earthquake,8,1
25.1_92.1,Earthquake,7,1
25.1_92.3,Earthquake,5,1
25.1_92.4,Landslide,6,1
25.1_92.4,Landslide,8,2
25.1_92.8,Landslide,6,1
25.1_92.9,Landslide,3,1
25.1_92.9,Landslide,5,1
25.1_93.0,Earthquake,4,1
25.1_93.4,Landslide,5,1
25.1_93.4,Landslide,11,1
25.1_94.0,Earthquake,5,1
25.1_94.0,Landslide,8,2
25.1_94.3,Landslide,7,1
25.1_94.4,Landslide,1,1
25.1_94.4,Landslide,7,1
25.1_94.4,Landslide,9,1
25.1_94.9,Earthquake,10,1
25.1_95.1,Earthquake,2,1
25.1_95.1,Earthquake,6,1
25.1_95.2,Earthquake,12,1
25.1_95.3,Earthquake,2,1
25.1_95.3,Earthquake,5,1
25.1_95.3,Earthquake,7,1
25.2_73.6,Earthquake,11,1
25.2_75.8,Flood,8,3
25.2_82.6,Flood,5,1
25.2_82.6,Flood,7,1
25.2_87.0,Flood,7,3
25.2_90.6,Landslide,7,1
25.2_90.6,Landslide,8,1
25.2_91.1,Earthquake,9,1
25.2_91.5,Flood,6,17
25.2_92.2,Earthquake,2,1
25.2_92.2,Earthquake,3,1
25.2_93.0,Landslide,1,1
25.2_93.0,Landslide,3,1
25.2_93.0,Landslide,9,1
25.2_93.1,Landslide,8,1
25.2_93.2,Landslide,6,1
25.2_93.4,Earthquake,5,1
25.2_93.5,Earthquake,1,1
25.2_93.7,Landslide,4,1
25.2_93.7,Landslide,6,1
25.2_93.8,Landslide,5,1
25.2_94.4,Landslide,1,1
25.2_94.9,Earthquake,9,1
25.2_95.0,Earthquake,4,1
25.2_95.0,Earthquake,6,1
25.2_95.1,Earthquake,3,3
25.2_95.1,Earthquake,5,1
25.2_95.1,Earthquake,6,1
25.2_95.2,Earthquake,1,1
25.2_95.4,Earthquake,7,1
25.2_95.5,Earthquake,10,1
25.3_83.0,Flood,7,5
25.3_92.3,Landslide,11,1
25.3_92.4,Landslide,8,1
25.3_92.8,Landslide,8,1
25.3_93.1,Landslide,3,1
25.3_94.0,Landslide,7,2
25.3_94.0,Landslide,8,1
25.3_94.0,Landslide,9,2
25.3_94.1,Earthquake,2,1
25.3_94.5,Landslide,7,1
25.3_94.5,Landslide,8,1
25.3_94.8,Earthquake,12,1
25.3_95.0,Earthquake,1,1
25.3_95.0,Earthquake,5,1
25.3_95.0,Earthquake,8,1
25.3_95.0,Earthquake,10,1
25.3_95.1,Earthquake,4,1
25.3_95.1,Earthquake,8,1
25.3_95.2,Earthquake,5,1
25.3_95.4,Earthquake,2,1
25.3_95.5,Earthquake,3,1
25.3_95.6,Earthquake,9,1
25.3_95.8,Earthquake,10,1
25.4_81.8,Flood,7,3
25.4_86.5,Flood,7,1
25.4_88.3,Landslide,6,1
25.4_90.2,Earthquake,3,1
25.4_91.4,Earthquake,11,1
25.4_91.6,Earthquake,2,1
25.4_91.8,Earthquake,5,1
25.4_91.9,Earthquake,8,1
25.4_91.9,Landslide,7,1
25.4_92.3,Landslide,4,1
25.4_92.3,Landslide,7,1
25.4_94.0,Landslide,7,1
25.4_94.1,Earthquake,4,1
25.4_94.1,Landslide,7,4
25.4_94.1,Landslide,10,1
25.4_94.2,Landslide,8,1
25.4_94.3,Earthquake,11,1
25.4_94.4,Earthquake,5,1
25.4_94.6,Landslide,10,1
25.4_94.7,Earthquake,2,1
25.4_95.1,Earthquake,4,1
25.4_95.1,Earthquake,5,1
25.4_95.1,Earthquake,9,1
25.4_95.7,Earthquake,10,1
25.5_82.6,Landslide,7,1
25.5_84.5,Landslide,5,1
25.5_86.5,Flood,7,1
25.5_87.6,Flood,7,1
25.5_90.1,Landslide,10,1
25.5_90.2,Landslide,6,2
25.5_90.2,Landslide,7,2
25.5_90.2,Landslide,8,2
25.5_90.7,Earthquake,6,1
25.5_91.2,Earthquake,9,1
25.5_91.3,Earthquake,2,1
25.5_91.3,Landslide,6,1
25.5_91.3,Landslide,7,2
25.5_91.3,Landslide,11,1
25.5_91.4,Earthquake,12,1
25.5_92.1,Landslide,6,1
25.5_92.2,Landslide,6,1
25.5_92.4,Earthquake,12,1
25.5_93.0,Landslide,9,1
25.5_93.1,Landslide,9,1
25.5_93.2,Landslide,8,1
25.5_93.4,Landslide,6,1
25.5_93.9,Earthquake,4,1
25.5_93.9,Landslide,7,1
25.5_93.9,Landslide,9,1
25.5_94.0,Landslide,7,2
25.5_94.1,Landslide,7,1
25.5_94.1,Landslide,8,2
25.5_94.1,Landslide,9,2
25.5_94.2,Landslide,6,1
25.5_94.8,Earthquake,3,1
25.5_95.0,Earthquake,2,1
25.5_95.0,Earthquake,5,1
25.6_83.6,Flood,7,2
25.6_84.0,Flood,7,1
25.6_84.4,Flood,7,2
25.6_85.1,Flood,5,1
25.6_85.1,Flood,7,3
25.6_85.1,Flood,8,1
25.6_90.2,Earthquake,12,1
25.6_90.6,Earthquake,9,1
25.6_91.9,Landslide,6,1
25.6_91.9,Landslide,8,1
25.6_91.9,Landslide,9,2
25.6_92.2,Earthquake,8,1
25.6_93.0,Landslide,7,3
25.6_93.7,Earthquake,4,1
25.6_94.1,Landslide,7,1
25.6_94.1,Landslide,8,4
25.6_94.1,Landslide,12,4
25.6_94.3,Earthquake,3,1
25.6_94.7,Earthquake,7,1
25.6_95.1,Earthquake,7,1
25.6_96.3,Earthquake,8,1
25.7_89.9,Earthquake,1,1
25.7_89.9,Landslide,9,1
25.7_90.0,Earthquake,9,1
25.7_90.2,Earthquake,9,1
25.7_90.4,Earthquake,12,1
25.7_90.4,Landslide,9,1
25.7_93.2,Earthquake,11,1
25.7_93.3,Earthquake,6,1
25.7_93.9,Landslide,8,1
25.7_94.0,Landslide,7,1
25.7_94.0,Landslide,8,1
25.7_94.0,Landslide,10,1
25.7_94.1,Landslide,6,1
25.7_94.1,Landslide,7,3
25.7_94.1,Landslide,8,1
25.7_94.1,Landslide,9,1
25.7_94.1,Landslide,10,1
25.7_94.1,Landslide,11,1
25.7_94.5,Landslide,7,2
25.7_94.5,Landslide,8,1
25.7_94.6,Landslide,2,1
25.7_94.9,Earthquake,2,1
25.7_95.1,Earthquake,6,1
25.7_96.0,Earthquake,11,1
25.8_71.4,Flood,5,1
25.8_71.4,Flood,8,2
25.8_84.1,Flood,7,3
25.8_87.5,Earthquake,2,1
25.8_87.5,Flood,7,1
25.8_90.5,Earthquake,4,1
25.8_90.6,Earthquake,4,1
25.8_90.6,Landslide,9,1
25.8_91.1,Earthquake,5,1
25.8_91.2,Earthquake,9,1
25.8_93.3,Earthquake,2,1
25.8_93.4,Earthquake,7,1
25.8_93.8,Landslide,8,1
25.8_93.9,Landslide,7,1
25.8_94.1,Landslide,5,1
25.8_94.1,Landslide,8,1
25.8_94.1,Landslide,10,1
25.8_94.5,Landslide,4,1
25.8_94.7,Earthquake,2,1
25.8_95.0,Earthquake,4,1
25.8_95.2,Earthquake,2,1
25.8_95.2,Earthquake,6,1
25.8_95.7,Earthquake,1,1
25.9_78.6,Earthquake,8,1
25.9_85.8,Flood,7,1
25.9_86.6,Flood,7,2
25.9_87.0,Flood,7,2
25.9_90.2,Earthquake,5,1
25.9_90.2,Earthquake,8,1
25.9_90.3,Earthquake,8,1
25.9_90.5,Earthquake,4,1
25.9_90.5,Earthquake,9,1
25.9_90.6,Earthquake,4,1
25.9_91.2,Landslide,9,1
25.9_93.4,Earthquake,7,1
25.9_94.2,Earthquake,6,1
25.9_94.2,Landslide,1,1
25.9_94.6,Landslide,8,1
25.9_94.8,Landslide,6,1
25.9_94.8,Landslide,7,1
25.9_95.5,Earthquake,7,1
25.9_95.6,Earthquake,5,1
26.0_76.4,Flood,8,1
26.0_84.9,Flood,7,1
26.0_90.0,Flood,7,2
26.0_90.7,Earthquake,3,1
26.0_90.8,Earthquake,6,1
26.0_91.4,Landslide,7,1
26.0_91.8,Earthquake,1,1
26.0_91.9,Earthquake,7,1
26.0_91.9,Landslide,5,2
26.0_91.9,Landslide,6,1
26.0_92.3,Earthquake,12,1
26.0_94.5,Landslide,4,2
26.0_94.5,Landslide,6,2
26.0_94.5,Landslide,7,1
26.0_94.5,Landslide,8,1
26.0_95.1,Earthquake,9,1
26.0_95.3,Earthquake,1,1
26.0_95.3,Earthquake,7,1
26.0_95.3,Earthquake,11,1
26.0_95.6,Earthquake,1,1
26.0_95.6,Earthquake,3,1
26.0_95.7,Earthquake,8,1
26.0_95.8,Earthquake,5,1
26.0_95.9,Earthquake,10,1
26.1_85.4,Flood,7,2
26.1_86.6,Flood,7,3
26.1_86.6,Flood,8,1
26.1_87.4,Flood,7,2
26.1_87.8,Earthquake,3,1
26.1_89.6,Earthquake,9,1
26.1_90.3,Earthquake,10,1
26.1_90.7,Earthquake,2,1
26.1_91.4,Earthquake,4,1
26.1_91.5,Earthquake,4,1
26.1_91.6,Landslide,2,1
26.1_91.7,Flood,7,8
26.1_91.7,Landslide,2,1
26.1_91.7,Landslide,6,3
26.1_91.7,Landslide,7,2
26.1_91.7,Landslide,9,3
26.1_91.7,Landslide,11,1
26.1_91.8,Landslide,6,2
26.1_91.8,Landslide,9,3
26.1_91.9,Landslide,7,2
26.1_91.9,Landslide,8,1
26.1_92.0,Earthquake,4,1
26.1_92.1,Earthquake,9,1
26.1_93.0,Earthquake,4,1
26.1_93.2,Earthquake,2,1
26.1_93.2,Earthquake,4,1
26.1_94.2,Landslide,8,1
26.1_94.3,Earthquake,2,1
26.1_94.4,Landslide,1,1
26.1_94.6,Landslide,4,1
26.1_94.7,Landslide,7,2
26.1_94.8,Landslide,8,2
26.1_95.3,Earthquake,3,1
26.1_95.3,Earthquake,4,1
26.1_95.6,Earthquake,2,1
26.1_95.7,Earthquake,7,1
26.1_95.7,Earthquake,8,1
26.1_96.2,Earthquake,2,1
26.1_96.3,Earthquake,2,1
26.1_96.3,Earthquake,8,1
26.1_96.4,Earthquake,10,1
26.2_73.6,Landslide,8,1
26.2_78.2,Flood,5,1
26.2_82.6,Flood,7,5
26.2_85.9,Flood,7,2
26.2_89.5,Earthquake,7,1
26.2_90.2,Earthquake,8,1
26.2_90.6,Flood,7,3
26.2_91.7,Landslide,1,1
26.2_91.7,Landslide,6,1
26.2_91.7,Landslide,9,2
26.2_91.7,Landslide,11,1
26.2_91.8,Landslide,4,2
26.2_91.8,Landslide,6,4
26.2_91.8,Landslide,7,4
26.2_91.8,Landslide,9,3
26.2_91.8,Landslide,11,1
26.2_92.2,Earthquake,12,1
26.2_92.3,Earthquake,3,1
26.2_92.3,Flood,7,2
26.2_92.8,Earthquake,6,1
26.2_92.8,Earthquake,7,1
26.2_92.8,Earthquake,9,1
26.2_93.0,Earthquake,4,1
26.2_93.5,Earthquake,2,1
26.2_94.2,Landslide,12,1
26.2_94.5,Landslide,4,2
26.2_94.5,Landslide,11,1
26.2_94.8,Earthquake,4,1
26.2_94.8,Landslide,6,1
26.2_94.8,Landslide,8,1
26.2_94.9,Landslide,8,1
26.2_95.8,Earthquake,5,1
26.2_96.0,Earthquake,7,1
26.2_96.2,Earthquake,6,1
26.2_96.3,Earthquake,6,1
26.3_70.6,Earthquake,11,1
26.3_73.0,Flood,5,1
26.3_73.0,Flood,8,1
26.3_80.5,Landslide,7,1
26.3_89.4,Flood,7,1
26.3_90.7,Earthquake,7,1
26.3_91.0,Flood,7,5
26.3_91.2,Landslide,10,1
26.3_91.5,Earthquake,9,1
26.3_91.8,Earthquake,5,1
26.3_91.9,Earthquake,10,1
26.3_92.2,Earthquake,9,1
26.3_92.3,Earthquake,5,1
26.3_92.8,Earthquake,2,1
26.3_92.8,Earthquake,5,1
26.3_92.9,Earthquake,10,1
26.3_93.0,Earthquake,4,1
26.3_93.0,Earthquake,10,1
26.3_93.1,Earthquake,12,1
26.3_93.2,Earthquake,9,1
26.3_93.2,Earthquake,11,1
26.3_93.5,Earthquake,12,1
26.3_94.5,Landslide,6,2
26.3_94.6,Landslide,4,1
26.3_94.6,Landslide,6,1
26.3_94.7,Landslide,8,1
26.3_95.8,Earthquake,6,1
26.3_96.0,Earthquake,11,1
26.3_96.2,Earthquake,11,1
26.3_96.4,Earthquake,1,1
26.3_96.4,Earthquake,10,1
26.4_86.1,Flood,7,1
26.4_86.2,Flood,8,1
26.4_91.3,Earthquake,3,1
26.4_91.4,Flood,7,1
26.4_92.6,Earthquake,6,1
26.4_92.6,Earthquake,11,1
26.4_92.7,Earthquake,4,1
26.4_92.7,Flood,7,2
26.4_92.8,Earthquake,10,1
26.4_92.9,Earthquake,5,1
26.4_93.0,Earthquake,4,1
26.4_93.0,Earthquake,11,2
26.4_93.1,Earthquake,8,1
26.4_93.3,Earthquake,4,1
26.4_93.4,Earthquake,2,1
26.4_93.4,Earthquake,7,1
26.4_93.5,Earthquake,11,1
26.4_93.6,Earthquake,5,1
26.4_93.6,Earthquake,11,1
26.4_93.7,Earthquake,2,1
26.4_94.6,Earthquake,11,1
26.4_94.9,Landslide,6,1
26.4_94.9,Landslide,8,1
26.4_95.0,Landslide,8,1
26.4_95.2,Earthquake,11,1
26.4_95.8,Earthquake,3,1
26.4_95.9,Earthquake,1,1
26.4_96.2,Earthquake,4,1
26.4_96.2,Earthquake,6,1
26.4_96.2,Earthquake,12,1
26.4_96.3,Earthquake,8,1
26.5_80.3,Flood,5,1
26.5_80.3,Flood,7,1
26.5_84.4,Flood,5,1
26.5_84.4,Flood,7,1
26.5_88.7,Flood,7,3
26.5_90.0,Earthquake,10,1
26.5_90.6,Earthquake,2,1
26.5_90.6,Flood,7,3
26.5_91.1,Earthquake,5,1
26.5_91.7,Landslide,1,1
26.5_92.2,Earthquake,7,1
26.5_92.4,Earthquake,8,1
26.5_92.4,Earthquake,10,1
26.5_92.7,Earthquake,1,1
26.5_92.9,Earthquake,5,1
26.5_93.0,Earthquake,3,2
26.5_93.1,Earthquake,6,1
26.5_93.4,Earthquake,11,1
26.5_94.0,Flood,7,3
26.5_95.4,Earthquake,3,1
26.5_96.2,Earthquake,4,1
26.5_96.2,Earthquake,5,1
26.5_96.2,Earthquake,6,1
26.5_96.3,Earthquake,1,1
26.5_96.3,Earthquake,8,1
26.5_96.4,Earthquake,1,1
26.5_96.4,Earthquake,11,1
26.5_96.5,Earthquake,5,1
26.5_96.6,Earthquake,2,1
26.5_96.7,Earthquake,8,1
26.5_97.0,Earthquake,10,1
26.6_84.7,Earthquake,5,1
26.6_85.5,Flood,7,1
26.6_89.6,Earthquake,12,1
26.6_90.2,Earthquake,5,1
26.6_90.4,Earthquake,6,1
26.6_92.2,Flood,8,2
26.6_92.4,Earthquake,5,1
26.6_92.4,Flood,6,2
26.6_92.5,Earthquake,8,2
26.6_92.6,Earthquake,8,1
26.6_92.6,Earthquake,12,1
26.6_92.7,Earthquake,9,1
26.6_93.0,Landslide,7,1
26.6_93.2,Earthquake,6,1
26.6_93.4,Flood,7,1
26.6_94.0,Flood,5,2
26.6_95.5,Earthquake,5,1
26.6_96.2,Earthquake,9,1
26.6_96.4,Earthquake,11,1
26.6_96.5,Earthquake,4,1
26.6_96.7,Earthquake,2,1
26.7_88.4,Landslide,6,1
26.7_88.4,Landslide,8,1
26.7_89.4,Earthquake,7,1
26.7_90.6,Earthquake,7,1
26.7_91.9,Earthquake,3,1
26.7_92.5,Earthquake,8,1
26.7_92.6,Earthquake,11,1
26.7_94.0,Earthquake,11,1
26.7_94.7,Landslide,11,1
26.7_95.0,Landslide,1,1
26.7_95.0,Landslide,4,1
26.7_95.0,Landslide,6,1
26.7_95.0,Landslide,7,1
26.7_95.2,Earthquake,4,1
26.7_96.5,Earthquake,1,1
26.7_96.5,Earthquake,3,1
26.7_96.7,Earthquake,10,1
26.7_96.8,Earthquake,6,1
26.7_96.8,Earthquake,9,1
26.8_81.0,Flood,5,1
26.8_81.0,Flood,7,1
26.8_81.0,Flood,8,1
26.8_82.1,Flood,7,1
26.8_83.4,Flood,7,3
26.8_84.9,Flood,7,1
26.8_88.2,Landslide,1,1
26.8_88.3,Landslide,6,2
26.8_88.3,Landslide,9,1
26.8_88.4,Landslide,8,1
26.8_88.5,Landslide,6,1
26.8_91.9,Earthquake,3,1
26.8_92.2,Earthquake,3,1
26.8_92.8,Earthquake,4,1
26.8_93.3,Earthquake,5,1
26.8_94.2,Flood,7,5
26.8_96.7,Earthquake,9,1
26.9_70.9,Flood,5,1
26.9_75.8,Landslide,5,1
26.9_76.2,Earthquake,12,1
26.9_88.2,Landslide,6,1
26.9_88.2,Landslide,7,1
26.9_88.2,Landslide,8,1
26.9_88.2,Landslide,12,1
26.9_88.3,Landslide,1,2
26.9_88.3,Landslide,2,1
26.9_88.3,Landslide,3,1
26.9_88.3,Landslide,4,1
26.9_88.3,Landslide,5,1
26.9_88.3,Landslide,6,3
26.9_88.3,Landslide,7,6
26.9_88.3,Landslide,8,3
26.9_88.3,Landslide,9,1
26.9_88.3,Landslide,10,1
26.9_88.4,Landslide,8,1
26.9_88.4,Landslide,10,1
26.9_88.4,Landslide,11,1
26.9_88.5,Landslide,4,1
26.9_88.5,Landslide,6,1
26.9_88.5,Landslide,7,1
26.9_88.5,Landslide,12,1
26.9_92.4,Earthquake,5,1
26.9_92.5,Earthquake,6,1
26.9_92.6,Earthquake,7,1
26.9_92.6,Earthquake,12,1
26.9_92.9,Earthquake,10,1
26.9_94.9,Landslide,8,1
26.9_95.0,Landslide,7,1
26.9_96.1,Earthquake,12,1
26.9_96.8,Earthquake,10,1
27.0_78.1,Landslide,12,1
27.0_87.3,Landslide,11,1
27.0_88.2,Earthquake,9,1
27.0_88.2,Landslide,1,1
27.0_88.2,Landslide,6,2
27.0_88.3,Landslide,5,3
27.0_88.3,Landslide,6,2
27.0_88.3,Landslide,7,5
27.0_88.3,Landslide,8,2
27.0_88.4,Landslide,6,1
27.0_88.4,Landslide,7,1
27.0_88.4,Landslide,8,2
27.0_88.4,Landslide,9,1
27.0_92.1,Earthquake,7,1
27.0_92.2,Earthquake,6,1
27.0_92.5,Earthquake,9,1
27.0_92.6,Earthquake,2,1
27.0_92.6,Landslide,1,1
27.0_93.7,Landslide,10,1
27.0_94.2,Flood,7,2
27.0_95.5,Landslide,6,1
27.0_96.6,Earthquake,1,1
27.1_70.7,Earthquake,4,1
27.1_71.8,Earthquake,5,1
27.1_88.1,Landslide,7,2
27.1_88.2,Landslide,8,1
27.1_88.3,Landslide,5,1
27.1_88.3,Landslide,9,1
27.1_88.4,Landslide,7,3
27.1_88.4,Landslide,8,1
27.1_88.5,Landslide,1,1
27.1_88.5,Landslide,6,3
27.1_88.5,Landslide,7,5
27.1_88.5,Landslide,8,2
27.1_88.5,Landslide,9,2
27.1_88.7,Landslide,6,1
27.1_92.0,Earthquake,8,1
27.1_92.2,Earthquake,8,1
27.1_92.3,Earthquake,7,1
27.1_92.4,Earthquake,9,1
27.1_93.6,Landslide,6,1
27.1_93.6,Landslide,7,3
27.1_93.6,Landslide,8,1
27.1_93.7,Landslide,5,1
27.1_93.7,Landslide,7,2
27.1_93.8,Landslide,1,1
27.1_93.8,Landslide,9,1
27.1_94.0,Flood,6,3
27.1_95.7,Earthquake,5,1
27.1_96.7,Earthquake,9,1
27.1_96.8,Earthquake,2,1
27.1_97.0,Earthquake,3,1
27.2_75.7,Earthquake,8,1
27.2_78.0,Flood,5,1
27.2_87.9,Earthquake,6,1
27.2_88.2,Earthquake,2,1
27.2_88.2,Earthquake,11,1
27.2_88.2,Earthquake,12,1
27.2_88.3,Earthquake,3,1
27.2_88.3,Earthquake,9,1
27.2_88.4,Landslide,7,1
27.2_88.4,Landslide,8,1
27.2_88.4,Landslide,9,3
27.2_88.4,Landslide,10,1
27.2_88.5,Landslide,1,1
27.2_88.5,Landslide,7,1
27.2_88.5,Landslide,8,2
27.2_88.5,Landslide,10,1
27.2_88.5,Landslide,11,1
27.2_88.6,Earthquake,12,1
27.2_88.6,Landslide,7,1
27.2_88.6,Landslide,8,1
27.2_88.6,Landslide,9,1
27.2_92.0,Earthquake,1,1
27.2_92.1,Earthquake,2,1
27.2_92.4,Earthquake,3,1
27.2_92.4,Earthquake,10,1
27.2_92.8,Earthquake,8,1
27.2_93.8,Landslide,2,1
27.2_94.0,Landslide,8,1
27.2_94.1,Flood,7,4
27.2_94.1,Landslide,6,1
27.2_94.1,Landslide,10,1
27.2_95.8,Landslide,6,1
27.2_96.8,Earthquake,9,1
27.3_76.8,Earthquake,11,1
27.3_84.7,Earthquake,5,1
27.3_87.9,Earthquake,4,1
27.3_87.9,Earthquake,5,1
27.3_88.0,Earthquake,5,1
27.3_88.1,Earthquake,5,1
27.3_88.1,Earthquake,6,1
27.3_88.1,Landslide,8,1
27.3_88.2,Landslide,1,1
27.3_88.3,Landslide,6,1
27.3_88.3,Landslide,9,1
27.3_88.3,Landslide,12,1
27.3_88.4,Earthquake,10,1
27.3_88.6,Earthquake,9,1
27.3_88.6,Landslide,4,2
27.3_88.6,Landslide,5,1
27.3_88.6,Landslide,6,1
27.3_88.6,Landslide,7,3
27.3_88.6,Landslide,8,2
27.3_88.6,Landslide,9,1
27.3_88.6,Landslide,10,1
27.3_88.8,Earthquake,10,1
27.3_91.9,Earthquake,11,1
27.3_92.0,Earthquake,12,1
27.3_92.1,Earthquake,4,1
27.3_92.1,Earthquake,11,1
27.3_92.1,Earthquake,12,1
27.3_92.2,Earthquake,4,1
27.3_92.8,Earthquake,5,1
27.3_92.9,Earthquake,8,1
27.3_92.9,Landslide,7,1
27.3_93.8,Landslide,7,1
27.4_75.5,Earthquake,9,1
27.4_87.7,Earthquake,9,1
27.4_87.8,Earthquake,2,1
27.4_87.9,Earthquake,8,1
27.4_88.1,Earthquake,12,1
27.4_88.3,Earthquake,3,1
27.4_88.4,Earthquake,2,1
27.4_88.5,Earthquake,9,1
27.4_88.6,Earthquake,9,1
27.4_88.6,Landslide,5,1
27.4_88.6,Landslide,7,1
27.4_88.6,Landslide,11,1
27.4_88.7,Landslide,4,1
27.4_88.7,Landslide,7,1
27.4_88.7,Landslide,8,1
27.4_88.8,Landslide,6,1
27.4_88.8,Landslide,8,1
27.4_92.0,Earthquake,7,1
27.4_92.3,Landslide,12,1
27.4_92.4,Earthquake,7,1
27.4_92.4,Landslide,10,1
27.4_92.5,Earthquake,1,1
27.4_93.0,Landslide,7,1
27.4_94.1,Earthquake,7,1
27.4_94.9,Flood,6,1
27.4_95.4,Earthquake,5,1
27.4_96.8,Earthquake,2,1
27.5_88.0,Earthquake,6,1
27.5_88.4,Landslide,6,1
27.5_88.5,Landslide,1,1
27.5_88.6,Landslide,9,1
27.5_92.6,Earthquake,4,1
27.5_92.6,Earthquake,6,1
27.5_92.6,Earthquake,9,1
27.5_92.7,Earthquake,1,1
27.5_93.0,Landslide,8,1
27.5_94.6,Flood,7,3
27.5_94.9,Flood,7,3
27.5_95.4,Flood,7,1
27.5_96.3,Earthquake,9,1
27.5_96.8,Earthquake,11,1
27.5_97.0,Earthquake,2,1
27.6_80.1,Landslide,7,1
27.6_81.5,Flood,8,1
27.6_81.6,Flood,7,1
27.6_81.9,Flood,7,1
27.6_88.6,Landslide,7,1
27.6_88.6,Landslide,8,1
27.6_88.7,Landslide,5,1
27.6_91.8,Earthquake,8,1
27.6_91.9,Landslide,4,1
27.6_91.9,Landslide,7,1
27.6_91.9,Landslide,11,1
27.6_92.0,Landslide,5,1
27.6_92.4,Earthquake,2,1
27.6_92.4,Earthquake,3,1
27.6_92.5,Earthquake,1,1
27.6_92.6,Earthquake,8,1
27.6_92.6,Earthquake,9,1
27.6_92.6,Earthquake,11,1
27.6_92.7,Earthquake,2,1
27.6_92.8,Earthquake,5,1
27.6_92.8,Earthquake,11,1
27.6_92.9,Earthquake,11,1
27.6_93.9,Landslide,12,1
27.6_95.3,Flood,7,4
27.6_96.8,Earthquake,11,1
27.7_75.8,Earthquake,5,1
27.7_88.6,Landslide,3,1
27.7_88.6,Landslide,8,1
27.7_88.6,Landslide,9,1
27.7_92.2,Earthquake,12,1
27.7_92.7,Earthquake,7,1
27.7_92.8,Earthquake,1,1
27.7_92.8,Landslide,12,1
27.7_92.9,Earthquake,9,1
27.7_93.2,Earthquake,10,1
27.8_77.6,Earthquake,10,1
27.8_88.2,Earthquake,6,1
27.8_88.6,Landslide,7,1
27.8_88.6,Landslide,9,1
27.8_91.8,Earthquake,10,1
27.8_92.8,Earthquake,9,1
27.8_92.9,Earthquake,9,1
27.8_95.2,Landslide,9,1
27.8_96.7,Earthquake,6,1
27.9_88.1,Earthquake,12,1
27.9_88.5,Landslide,7,2
27.9_88.5,Landslide,9,1
27.9_91.8,Earthquake,3,1
27.9_93.1,Landslide,1,1
27.9_93.3,Landslide,2,1
27.9_93.8,Earthquake,6,1
27.9_94.2,Landslide,1,1
27.9_96.2,Landslide,4,1
27.9_96.2,Landslide,8,1
27.9_96.9,Landslide,8,1
28.0_73.3,Flood,5,1
28.0_73.3,Flood,12,1
28.0_76.7,Earthquake,11,1
28.0_91.9,Earthquake,7,1
28.0_92.6,Earthquake,6,1
28.0_94.5,Earthquake,1,1
28.0_96.4,Earthquake,4,1
28.1_92.0,Earthquake,9,1
28.1_95.2,Landslide,2,1
28.1_95.3,Flood,7,1
28.1_96.5,Landslide,1,1
28.1_96.5,Landslide,3,1
28.2_88.2,Earthquake,1,1
28.2_88.2,Earthquake,12,1
28.2_93.3,Earthquake,6,1
28.2_93.4,Earthquake,1,1
28.2_94.2,Earthquake,1,1
28.2_94.8,Landslide,8,1
28.2_94.9,Landslide,7,1
28.2_95.0,Landslide,7,1
28.2_96.2,Landslide,7,1
28.3_91.8,Earthquake,10,1
28.3_92.2,Earthquake,6,1
28.3_94.2,Earthquake,2,1
28.3_94.7,Earthquake,6,1
28.3_95.4,Landslide,3,1
28.3_95.4,Landslide,9,1
28.4_91.9,Earthquake,6,1
28.4_92.7,Earthquake,9,1
28.4_92.9,Earthquake,10,1
28.4_95.2,Earthquake,6,1
28.4_95.9,Landslide,5,1
28.4_96.5,Earthquake,9,1
28.5_78.2,Earthquake,3,1
28.5_80.9,Flood,7,1
28.5_94.0,Earthquake,6,1
28.5_94.2,Earthquake,11,1
28.5_95.9,Landslide,8,1
28.6_77.1,Earthquake,11,1
28.6_77.2,Flood,7,1
28.6_77.2,Landslide,1,1
28.6_77.3,Landslide,12,1
28.6_77.4,Landslide,5,1
28.6_91.9,Earthquake,2,1
28.6_94.9,Earthquake,9,1
28.6_95.0,Landslide,2,1
28.6_95.1,Earthquake,11,1
28.6_96.4,Earthquake,4,1
28.6_96.4,Earthquake,6,1
28.7_76.7,Earthquake,6,1
28.7_77.2,Earthquake,9,1
28.7_77.2,Landslide,8,1
28.7_93.7,Earthquake,1,1
28.7_95.0,Earthquake,9,1
28.7_95.4,Earthquake,4,1
28.7_95.9,Earthquake,5,1
28.8_76.6,Earthquake,3,1
28.8_76.6,Earthquake,9,1
28.8_77.2,Landslide,5,1
28.8_94.4,Earthquake,8,1
28.8_95.8,Earthquake,7,1
28.8_95.9,Earthquake,2,1
28.8_95.9,Earthquake,10,1
28.8_95.9,Earthquake,11,1
28.8_96.1,Earthquake,5,1
28.8_96.1,Earthquake,7,1
28.8_96.2,Landslide,2,1
28.8_96.2,Landslide,7,1
28.9_77.2,Earthquake,9,1
28.9_78.4,Earthquake,4,1
28.9_79.6,Landslide,12,1
28.9_94.4,Earthquake,10,1
28.9_94.5,Earthquake,4,1
28.9_94.6,Earthquake,6,1
28.9_94.9,Earthquake,9,1
28.9_95.0,Earthquake,6,1
28.9_95.2,Earthquake,4,1
28.9_95.3,Earthquake,4,1
28.9_95.3,Landslide,6,1
28.9_95.9,Earthquake,11,1
28.9_96.0,Earthquake,11,1
28.9_96.9,Earthquake,9,1
29.0_76.6,Earthquake,5,1
29.0_94.7,Earthquake,12,1
29.0_94.9,Landslide,5,1
29.1_76.8,Earthquake,11,1
29.1_94.7,Earthquake,7,1
29.1_95.3,Earthquake,3,1
29.1_95.9,Earthquake,3,1
29.1_95.9,Earthquake,7,1
29.1_96.0,Earthquake,1,1
29.2_76.7,Earthquake,5,1
29.2_77.2,Earthquake,7,1
29.2_79.1,Landslide,7,1
29.2_79.5,Landslide,9,1
29.3_76.9,Earthquake,3,1
29.3_80.1,Landslide,7,2
29.3_80.3,Earthquake,5,1
29.3_80.3,Earthquake,6,1
29.3_95.3,Earthquake,12,1
29.3_96.3,Earthquake,7,1
29.3_96.6,Earthquake,6,1
29.3_96.8,Earthquake,5,1
29.4_79.5,Flood,7,1
29.4_79.5,Landslide,6,1
29.4_79.5,Landslide,7,1
29.4_79.5,Landslide,9,1
29.4_79.5,Landslide,10,1
29.4_79.5,Landslide,12,2
29.4_79.6,Landslide,7,1
29.4_80.1,Landslide,7,1
29.4_80.1,Landslide,8,1
29.4_94.9,Earthquake,3,1
29.4_95.4,Earthquake,8,1
29.4_95.5,Earthquake,11,1
29.5_79.3,Landslide,9,1
29.5_80.3,Earthquake,9,1
29.6_79.5,Landslide,9,2
29.6_79.7,Landslide,6,1
29.6_79.7,Landslide,7,4
29.6_79.9,Landslide,6,1
29.6_80.2,Landslide,4,2
29.6_80.2,Landslide,5,1
29.6_80.2,Landslide,6,1
29.6_80.2,Landslide,7,7
29.6_80.2,Landslide,8,1
29.6_80.4,Landslide,5,1
29.7_78.6,Landslide,1,1
29.7_79.6,Landslide,7,1
29.7_79.8,Earthquake,9,1
29.8_79.8,Landslide,9,1
29.8_80.1,Landslide,9,1
29.8_80.3,Landslide,6,1
29.8_80.4,Landslide,6,1
29.8_80.5,Earthquake,1,1
29.9_77.2,Earthquake,11,1
29.9_78.2,Flood,6,1
29.9_78.2,Landslide,12,1
29.9_79.4,Landslide,10,1
29.9_80.0,Earthquake,10,1
29.9_80.1,Earthquake,8,1
29.9_80.4,Earthquake,6,1
29.9_80.4,Earthquake,7,1
29.9_80.6,Landslide,4,1
30.0_76.2,Earthquake,2,1
30.0_78.2,Landslide,7,2
30.0_78.2,Landslide,8,1
30.0_78.6,Landslide,6,1
30.0_78.6,Landslide,7,1
30.0_79.5,Earthquake,5,1
30.0_79.8,Earthquake,10,1
30.0_79.9,Landslide,8,1
30.0_80.0,Earthquake,3,1
30.0_80.0,Earthquake,4,1
30.0_80.0,Earthquake,8,1
30.0_80.2,Landslide,7,1
30.0_80.4,Earthquake,9,1
30.0_80.6,Earthquake,12,1
30.1_78.3,Landslide,5,1
30.1_78.3,Landslide,11,1
30.1_78.4,Landslide,3,1
30.1_78.4,Landslide,9,1
30.1_78.6,Landslide,9,1
30.1_78.7,Landslide,8,1
30.1_78.8,Landslide,7,1
30.1_78.9,Earthquake,6,1
30.1_79.0,Landslide,6,1
30.1_79.3,Earthquake,5,1
30.1_79.7,Earthquake,4,1
30.1_80.0,Earthquake,2,1
30.1_80.0,Earthquake,5,1
30.1_80.0,Earthquake,8,2
30.1_80.2,Landslide,4,1
30.1_80.2,Landslide,7,2
30.2_77.9,Landslide,9,1
30.2_78.1,Landslide,7,1
30.2_78.3,Landslide,7,1
30.2_78.4,Landslide,8,1
30.2_78.8,Landslide,6,1
30.2_78.9,Landslide,6,2
30.2_78.9,Landslide,7,2
30.2_78.9,Landslide,11,1
30.2_79.2,Landslide,7,1
30.2_79.3,Earthquake,3,1
30.2_79.3,Earthquake,4,1
30.2_80.2,Earthquake,1,1
30.2_80.2,Landslide,8,4
30.2_80.9,Landslide,4,1
30.3_78.0,Landslide,6,2
30.3_78.1,Landslide,5,1
30.3_78.3,Earthquake,5,1
30.3_78.3,Landslide,10,1
30.3_78.5,Landslide,7,1
30.3_78.9,Landslide,6,1
30.3_79.0,Landslide,3,1
30.3_79.0,Landslide,7,6
30.3_79.0,Landslide,8,3
30.3_79.0,Landslide,9,1
30.3_79.1,Earthquake,12,1
30.3_79.2,Landslide,7,4
30.3_79.3,Earthquake,4,1
30.3_79.3,Earthquake,5,1
30.3_79.3,Landslide,6,1
30.3_79.3,Landslide,7,1
30.3_79.4,Landslide,7,1
30.3_80.3,Earthquake,7,1
30.3_80.3,Earthquake,9,1
30.3_80.4,Earthquake,5,1
30.3_80.5,Earthquake,2,1
30.4_77.1,Landslide,8,1
30.4_78.1,Landslide,7,2
30.4_78.1,Landslide,8,1
30.4_78.1,Landslide,9,1
30.4_78.3,Landslide,7,1
30.4_78.5,Earthquake,10,1
30.4_78.5,Flood,7,1
30.4_78.5,Landslide,2,1
30.4_78.5,Landslide,6,1
30.4_78.5,Landslide,7,4
30.4_78.5,Landslide,11,1
30.4_78.6,Earthquake,9,1
30.4_78.8,Landslide,8,1
30.4_79.0,Earthquake,3,1
30.4_79.0,Landslide,3,1
30.4_79.1,Earthquake,5,1
30.4_79.1,Landslide,6,1
30.4_79.2,Earthquake,7,1
30.4_79.2,Earthquake,9,1
30.4_79.2,Earthquake,11,1
30.4_79.2,Landslide,10,1
30.4_79.3,Flood,7,1
30.4_79.3,Landslide,3,1
30.4_79.3,Landslide,5,1
30.4_79.3,Landslide,7,11
30.4_79.3,Landslide,8,2
30.4_79.5,Earthquake,3,1
30.4_79.5,Earthquake,4,1
30.4_79.7,Earthquake,12,1
30.4_79.7,Landslide,8,1
30.4_80.3,Earthquake,8,1
30.4_80.5,Earthquake,3,1
30.5_78.0,Landslide,5,1
30.5_78.1,Landslide,7,3
30.5_78.3,Landslide,5,1
30.5_78.4,Landslide,6,2
30.5_78.4,Landslide,9,1
30.5_78.5,Earthquake,3,1
30.5_78.8,Landslide,7,1
30.5_79.1,Landslide,6,1
30.5_79.1,Landslide,10,1
30.5_79.1,Landslide,11,1
30.5_79.2,Earthquake,8,1
30.5_79.2,Landslide,2,1
30.5_79.3,Earthquake,5,1
30.5_79.3,Earthquake,6,1
30.5_79.3,Earthquake,12,1
30.5_79.4,Earthquake,1,1
30.5_79.4,Earthquake,3,1
30.5_79.4,Earthquake,4,1
30.5_79.4,Landslide,4,1
30.5_79.4,Landslide,7,1
30.5_79.5,Landslide,7,1
30.6_77.3,Landslide,7,1
30.6_77.3,Landslide,9,1
30.6_77.5,Landslide,7,1
30.6_77.7,Landslide,6,1
30.6_78.3,Landslide,6,1
30.6_78.3,Landslide,8,3
30.6_78.3,Landslide,9,1
30.6_79.0,Landslide,7,1
30.6_79.3,Earthquake,2,1
30.6_79.3,Earthquake,6,1
30.6_79.3,Earthquake,10,1
30.6_79.5,Earthquake,3,1
30.6_79.5,Landslide,8,1
30.6_79.5,Landslide,9,1
30.6_79.6,Landslide,4,2
30.6_79.6,Landslide,7,1
30.6_79.8,Earthquake,8,1
30.6_79.8,Landslide,3,1
30.7_77.0,Landslide,4,1
30.7_77.0,Landslide,11,1
30.7_77.1,Landslide,9,1
30.7_77.2,Landslide,9,1
30.7_77.3,Landslide,8,1
30.7_77.4,Landslide,6,1
30.7_77.4,Landslide,7,2
30.7_77.9,Landslide,5,1
30.7_78.1,Landslide,8,1
30.7_78.3,Earthquake,9,1
30.7_78.3,Landslide,7,1
30.7_78.3,Landslide,9,1
30.7_78.4,Landslide,7,10
30.7_78.4,Landslide,8,2
30.7_78.4,Landslide,9,2
30.7_78.4,Landslide,10,2
30.7_78.4,Landslide,12,1
30.7_78.5,Landslide,7,1
30.7_78.5,Landslide,8,1
30.7_78.5,Landslide,12,1
30.7_78.6,Landslide,8,1
30.7_78.7,Earthquake,10,1
30.7_78.8,Earthquake,3,1
30.7_78.9,Earthquake,2,1
30.7_79.0,Landslide,6,2
30.7_79.0,Landslide,8,1
30.7_79.0,Landslide,11,1
30.7_79.1,Earthquake,3,1
30.7_79.1,Flood,6,1
30.7_79.1,Landslide,6,3
30.7_79.1,Landslide,7,2
30.7_79.1,Landslide,9,1
30.7_79.2,Earthquake,11,1
30.7_79.5,Landslide,4,1
30.7_79.5,Landslide,8,2
30.7_79.5,Landslide,9,1
30.7_79.6,Landslide,8,2
30.7_80.4,Earthquake,11,1
30.8_78.2,Landslide,6,1
30.8_78.6,Landslide,4,1
30.8_78.6,Landslide,7,3
30.8_78.6,Landslide,8,3
30.8_78.6,Landslide,9,1
30.8_78.8,Landslide,6,1
30.8_79.4,Landslide,9,1
30.8_79.5,Landslide,9,1
30.9_76.8,Landslide,3,1
30.9_77.0,Landslide,8,2
30.9_77.0,Landslide,9,1
30.9_77.1,Landslide,2,1
30.9_77.1,Landslide,3,1
30.9_77.1,Landslide,7,2
30.9_77.1,Landslide,8,2
30.9_77.1,Landslide,9,2
30.9_77.1,Landslide,12,1
30.9_77.5,Landslide,9,1
30.9_78.1,Landslide,7,1
30.9_78.2,Earthquake,7,1
30.9_78.3,Landslide,4,1
30.9_78.3,Landslide,5,1
30.9_78.3,Landslide,8,1
30.9_78.4,Earthquake,11,1
30.9_78.5,Earthquake,8,1
30.9_78.5,Landslide,7,2
30.9_78.6,Earthquake,8,1
30.9_78.7,Earthquake,8,1
30.9_78.7,Landslide,6,1
30.9_78.7,Landslide,8,1
30.9_78.8,Landslide,9,1
30.9_79.1,Earthquake,9,1
30.9_79.5,Landslide,9,1
31.0_77.1,Landslide,8,2
31.0_77.1,Landslide,9,2
31.0_77.1,Landslide,10,1
31.0_77.2,Landslide,4,1
31.0_77.5,Landslide,9,1
31.0_77.7,Earthquake,9,1
31.0_78.1,Earthquake,2,1
31.0_78.1,Earthquake,9,1
31.0_78.2,Earthquake,4,1
31.0_78.3,Earthquake,2,2
31.0_78.4,Landslide,7,1
31.0_78.4,Landslide,8,1
31.0_78.4,Landslide,9,1
31.0_78.5,Landslide,8,1
31.0_78.7,Landslide,8,1
31.0_78.9,Landslide,1,1
31.0_79.0,Earthquake,8,1
31.1_77.1,Landslide,2,1
31.1_77.1,Landslide,7,1
31.1_77.1,Landslide,8,1
31.1_77.2,Landslide,5,1
31.1_77.2,Landslide,7,6
31.1_77.2,Landslide,8,1
31.1_77.2,Landslide,9,2
31.1_77.2,Landslide,12,2
31.1_77.4,Landslide,7,3
31.1_77.5,Landslide,9,1
31.1_77.8,Earthquake,5,1
31.1_78.1,Landslide,8,1
31.1_78.6,Earthquake,10,1
31.2_74.5,Earthquake,1,1
31.2_76.7,Earthquake,8,1
31.2_77.2,Landslide,3,1
31.2_77.7,Landslide,6,1
31.2_77.7,Landslide,9,1
31.2_77.8,Earthquake,8,1
31.2_77.8,Earthquake,9,1
31.2_77.9,Earthquake,9,1
31.2_77.9,Landslide,7,1
31.2_80.3,Earthquake,1,1
31.2_80.4,Earthquake,2,1
31.3_76.8,Landslide,11,1
31.3_77.0,Earthquake,8,1
31.3_77.3,Earthquake,11,1
31.3_77.5,Landslide,6,1
31.3_80.2,Earthquake,8,1
31.4_77.4,Landslide,9,1
31.4_77.8,Earthquake,2,1
31.4_77.9,Landslide,9,1
31.4_78.6,Earthquake,7,1
31.4_78.7,Earthquake,11,1
31.4_79.0,Earthquake,10,1
31.4_80.3,Earthquake,6,1
31.5_76.3,Earthquake,8,1
31.5_76.7,Landslide,11,2
31.5_76.9,Landslide,9,1
31.5_76.9,Landslide,12,1
31.5_77.0,Earthquake,12,1
31.5_77.4,Landslide,8,1
31.5_77.5,Earthquake,1,1
31.5_77.7,Landslide,7,1
31.5_77.8,Landslide,8,1
31.5_78.0,Landslide,7,1
31.5_78.1,Landslide,6,2
31.5_78.1,Landslide,8,1
31.5_78.2,Earthquake,12,1
31.5_78.2,Landslide,6,1
31.5_78.2,Landslide,7,1
31.5_78.2,Landslide,9,1
31.5_78.3,Landslide,10,1
31.5_78.6,Earthquake,3,1
31.6_74.9,Flood,7,1
31.6_74.9,Flood,12,1
31.6_76.8,Earthquake,7,1
31.6_77.0,Earthquake,10,1
31.6_77.2,Landslide,7,1
31.6_77.4,Earthquake,12,1
31.6_77.9,Landslide,8,2
31.6_78.0,Earthquake,7,1
31.6_78.0,Landslide,6,2
31.6_78.0,Landslide,9,1
31.6_78.3,Earthquake,4,1
31.6_78.3,Landslide,9,2
31.6_78.4,Landslide,6,1
31.6_78.4,Landslide,7,1
31.6_78.5,Landslide,7,3
31.7_76.1,Earthquake,3,1
31.7_76.1,Earthquake,11,1
31.7_76.5,Landslide,7,1
31.7_76.5,Landslide,9,1
31.7_76.9,Landslide,7,8
31.7_76.9,Landslide,8,2
31.7_76.9,Landslide,10,1
31.7_77.0,Landslide,7,2
31.7_77.1,Landslide,6,1
31.7_77.1,Landslide,7,2
31.7_77.2,Earthquake,10,1
31.7_77.5,Earthquake,10,1
31.7_80.1,Earthquake,5,1
31.7_80.1,Earthquake,8,1
31.7_80.3,Earthquake,7,1
31.8_75.0,Earthquake,2,1
31.8_76.8,Landslide,8,1
31.8_77.0,Landslide,8,1
31.8_77.0,Landslide,9,1
31.8_77.5,Landslide,12,1
31.8_78.3,Earthquake,1,1
31.8_78.4,Earthquake,10,1
31.9_76.9,Landslide,7,1
31.9_77.1,Landslide,9,1
31.9_78.6,Landslide,7,1
31.9_78.6,Landslide,10,1
32.0_76.8,Landslide,6,1
32.0_76.9,Landslide,7,1
32.0_77.1,Landslide,7,5
32.0_77.1,Landslide,11,1
32.0_77.2,Landslide,9,1
32.0_77.3,Landslide,8,1
32.0_78.1,Earthquake,3,1
32.0_78.4,Earthquake,6,1
32.0_78.4,Earthquake,8,1
32.0_78.5,Earthquake,11,1
32.1_76.3,Flood,7,2
32.1_76.3,Landslide,7,3
32.1_76.3,Landslide,8,1
32.1_76.3,Landslide,12,1
32.1_76.8,Earthquake,6,1
32.1_77.1,Landslide,6,1
32.1_77.2,Landslide,5,1
32.1_78.4,Earthquake,7,1
32.1_78.6,Earthquake,2,1
32.2_76.3,Landslide,7,3
32.2_76.3,Landslide,8,1
32.2_76.3,Landslide,11,1
32.2_76.3,Landslide,12,2
32.2_76.4,Earthquake,11,1
32.2_76.4,Landslide,7,1
32.2_76.5,Earthquake,10,1
32.2_77.2,Landslide,2,1
32.2_77.2,Landslide,6,1
32.2_77.2,Landslide,7,2
32.2_77.2,Landslide,8,1
32.2_78.0,Landslide,7,1
32.2_78.1,Landslide,7,2
32.2_78.1,Landslide,8,1
32.3_76.3,Earthquake,11,1
32.3_76.4,Earthquake,1,1
32.3_76.4,Earthquake,6,1
32.3_76.4,Earthquake,8,1
32.3_76.7,Earthquake,6,1
32.3_77.2,Landslide,3,2
32.3_77.2,Landslide,7,1
32.3_77.2,Landslide,8,1
32.3_77.2,Landslide,9,1
32.3_77.2,Landslide,11,1
32.4_75.5,Landslide,2,1
32.4_75.6,Landslide,7,1
32.4_76.3,Earthquake,9,1
32.4_76.5,Earthquake,7,1
32.4_77.1,Landslide,11,1
32.4_77.2,Landslide,3,1
32.4_77.2,Landslide,6,4
32.4_77.2,Landslide,7,1
32.4_77.3,Landslide,8,1
32.4_77.6,Landslide,10,1
32.5_75.1,Landslide,2,1
32.5_75.5,Earthquake,5,1
32.5_76.6,Earthquake,2,1
32.5_76.6,Earthquake,10,1
32.5_76.6,Earthquake,12,1
32.5_77.5,Landslide,7,3
32.5_78.3,Earthquake,6,1
32.5_78.4,Earthquake,5,1
32.6_75.1,Landslide,6,1
32.6_75.3,Landslide,8,1
32.6_75.4,Landslide,8,1
32.6_75.6,Landslide,8,1
32.6_75.8,Landslide,8,1
32.6_76.0,Earthquake,3,1
32.6_76.1,Earthquake,10,1
32.6_76.1,Landslide,2,1
32.6_76.1,Landslide,7,3
32.6_76.1,Landslide,10,1
32.6_76.1,Landslide,12,1
32.6_76.2,Earthquake,10,1
32.6_76.4,Earthquake,4,1
32.6_76.5,Earthquake,2,1
32.6_76.5,Earthquake,7,1
32.6_78.2,Earthquake,10,1
32.7_74.9,Landslide,11,2
32.7_75.1,Landslide,7,1
32.7_76.0,Landslide,8,1
32.7_76.3,Earthquake,7,1
32.7_76.3,Earthquake,10,1
32.7_76.6,Earthquake,6,1
32.7_76.7,Earthquake,5,1
32.7_76.7,Earthquake,7,1
32.7_76.9,Landslide,7,1
32.7_77.6,Landslide,12,1
32.8_75.1,Landslide,6,2
32.8_76.0,Earthquake,2,1
32.8_76.3,Earthquake,5,1
32.8_76.4,Earthquake,9,1
32.8_77.4,Earthquake,7,1
32.8_77.4,Landslide,4,1
32.8_78.2,Earthquake,7,1
32.8_78.3,Earthquake,7,1
32.8_78.6,Earthquake,1,1
32.9_75.1,Landslide,6,1
32.9_75.1,Landslide,7,2
32.9_75.1,Landslide,9,1
32.9_75.1,Landslide,11,1
32.9_75.8,Earthquake,10,1
32.9_76.1,Earthquake,11,1
32.9_76.2,Earthquake,3,1
32.9_76.3,Earthquake,6,1
32.9_76.8,Earthquake,4,1
32.9_78.7,Earthquake,12,1
32.9_79.2,Earthquake,6,1
33.0_74.5,Landslide,9,1
33.0_74.6,Landslide,8,1
33.0_74.9,Landslide,2,2
33.0_74.9,Landslide,3,1
33.0_74.9,Landslide,4,1
33.0_74.9,Landslide,5,1
33.0_74.9,Landslide,8,2
33.0_74.9,Landslide,10,1
33.0_75.0,Landslide,7,1
33.0_75.2,Landslide,3,1
33.0_75.2,Landslide,6,1
33.0_75.2,Landslide,7,2
33.0_75.2,Landslide,8,2
33.0_75.2,Landslide,11,1
33.0_75.3,Landslide,3,1
33.0_75.6,Earthquake,7,1
33.0_75.7,Landslide,7,1
33.0_75.8,Earthquake,5,1
33.0_76.4,Earthquake,6,1
33.0_76.8,Earthquake,4,1
33.1_74.8,Landslide,3,1
33.1_74.8,Landslide,6,1
33.1_74.8,Landslide,7,1
33.1_74.8,Landslide,8,1
33.1_74.9,Landslide,5,1
33.1_75.1,Landslide,7,1
33.1_75.2,Landslide,5,1
33.1_75.3,Landslide,3,1
33.1_75.3,Landslide,10,1
33.1_75.4,Landslide,6,1
33.1_75.4,Landslide,8,1
33.1_75.5,Landslide,3,1
33.1_75.5,Landslide,4,1
33.1_75.5,Landslide,8,2
33.1_75.6,Earthquake,11,1
33.1_75.6,Landslide,3,1
33.1_75.6,Landslide,4,1
33.1_75.7,Landslide,1,1
33.1_75.8,Landslide,7,1
33.1_75.9,Earthquake,1,1
33.1_75.9,Earthquake,5,1
33.1_75.9,Earthquake,10,1
33.1_76.1,Earthquake,5,2
33.1_76.2,Earthquake,1,1
33.1_76.2,Earthquake,5,1
33.1_76.2,Earthquake,10,1
33.1_76.4,Earthquake,7,1
33.1_76.9,Earthquake,8,1
33.2_74.1,Earthquake,2,1
33.2_75.2,Earthquake,9,1
33.2_75.2,Landslide,1,1
33.2_75.2,Landslide,2,5
33.2_75.2,Landslide,3,2
33.2_75.2,Landslide,4,2
33.2_75.2,Landslide,5,1
33.2_75.2,Landslide,6,1
33.2_75.2,Landslide,7,2
33.2_75.2,Landslide,8,4
33.2_75.2,Landslide,9,2
33.2_75.2,Landslide,10,1
33.2_75.2,Landslide,12,2
33.2_75.3,Landslide,5,1
33.2_75.3,Landslide,9,1
33.2_75.3,Landslide,12,1
33.2_75.5,Earthquake,9,1
33.2_75.5,Landslide,6,1
33.2_75.7,Earthquake,4,1
33.2_75.7,Landslide,3,1
33.2_75.8,Earthquake,2,1
33.2_75.8,Earthquake,5,1
33.2_75.8,Landslide,2,1
33.2_75.8,Landslide,3,1
33.2_75.8,Landslide,6,1
33.2_75.8,Landslide,12,1
33.2_76.3,Earthquake,6,1
33.2_76.7,Earthquake,4,1
33.3_75.2,Landslide,1,1
33.3_75.2,Landslide,2,7
33.3_75.2,Landslide,3,4
33.3_75.2,Landslide,8,2
33.3_75.2,Landslide,9,1
33.3_75.2,Landslide,10,1
33.3_75.2,Landslide,11,1
33.3_75.2,Landslide,12,1
33.3_75.6,Earthquake,6,1
33.3_75.7,Earthquake,9,2
33.3_75.7,Earthquake,12,1
33.3_75.8,Landslide,7,1
33.3_75.8,Landslide,8,1
33.3_75.8,Landslide,9,1
33.3_75.9,Earthquake,9,1
33.3_75.9,Landslide,4,1
33.3_76.0,Earthquake,7,1
33.3_76.0,Earthquake,8,1
33.3_77.3,Landslide,12,1
33.3_77.9,Landslide,9,1
33.4_74.3,Landslide,8,2
33.4_74.3,Landslide,9,1
33.4_74.5,Landslide,6,1
33.4_75.2,Landslide,1,1
33.4_75.2,Landslide,2,1
33.4_75.2,Landslide,4,1
33.4_75.2,Landslide,7,4
33.4_75.2,Landslide,8,1
33.4_75.6,Earthquake,9,1
33.4_75.7,Earthquake,3,1
33.4_75.7,Earthquake,11,1
33.5_74.4,Landslide,6,1
33.5_75.7,Earthquake,1,1
33.5_76.0,Earthquake,10,1
33.5_76.1,Earthquake,7,1
33.5_76.5,Earthquake,1,1
33.5_76.6,Earthquake,4,1
33.6_74.2,Landslide,2,1
33.6_74.5,Landslide,2,1
33.6_74.5,Landslide,5,1
33.6_74.9,Earthquake,1,1
33.6_74.9,Landslide,4,1
33.6_76.3,Earthquake,10,1
33.6_77.8,Landslide,7,1
33.7_74.2,Landslide,3,1
33.7_74.2,Landslide,5,1
33.7_74.3,Landslide,3,1
33.7_74.6,Landslide,10,1
33.7_74.7,Earthquake,5,1
33.7_74.8,Landslide,3,1
33.7_74.9,Earthquake,2,1
33.7_75.4,Earthquake,8,1
33.7_75.4,Earthquake,9,1
33.7_75.7,Earthquake,10,1
33.7_76.0,Landslide,7,1
33.7_76.3,Earthquake,10,1
33.7_77.8,Landslide,7,1
33.8_74.1,Landslide,3,1
33.8_74.1,Landslide,8,4
33.8_74.3,Landslide,4,1
33.8_74.8,Earthquake,1,1
33.8_75.0,Earthquake,3,1
33.8_75.2,Earthquake,12,1
33.8_76.4,Earthquake,8,2
33.9_74.3,Landslide,3,1
33.9_74.6,Landslide,5,1
33.9_74.7,Landslide,3,1
33.9_74.8,Landslide,3,1
33.9_75.0,Landslide,3,1
33.9_75.0,Landslide,5,1
33.9_75.1,Earthquake,2,1
34.0_73.9,Earthquake,1,1
34.0_74.0,Earthquake,10,1
34.0_74.3,Landslide,3,1
34.0_74.6,Landslide,3,1
34.0_74.8,Landslide,3,1
34.0_75.0,Landslide,5,1
34.0_75.0,Landslide,9,1
34.0_75.2,Earthquake,9,1
34.0_75.3,Landslide,10,1
34.0_78.0,Landslide,7,1
34.0_78.1,Earthquake,3,1
34.0_79.8,Earthquake,7,1
34.1_73.8,Earthquake,10,1
34.1_73.9,Earthquake,1,1
34.1_73.9,Earthquake,3,1
34.1_74.0,Landslide,3,2
34.1_74.0,Landslide,5,2
34.1_74.0,Landslide,8,2
34.1_74.0,Landslide,10,1
34.1_74.0,Landslide,12,1
34.1_74.1,Landslide,11,1
34.1_74.4,Earthquake,2,1
34.1_74.4,Landslide,3,4
34.1_74.6,Landslide,3,1
34.1_74.7,Landslide,6,1
34.1_74.8,Flood,9,1
34.1_74.9,Landslide,12,1
34.1_76.2,Earthquake,4,1
34.1_76.8,Landslide,3,1
34.1_77.5,Landslide,6,1
34.1_77.6,Landslide,6,2
34.1_77.7,Earthquake,5,1
34.1_77.7,Landslide,6,1
34.1_78.7,Earthquake,8,1
34.1_79.6,Earthquake,2,1
34.1_79.7,Earthquake,11,1
34.2_73.7,Earthquake,5,1
34.2_73.8,Earthquake,11,1
34.2_73.9,Earthquake,2,2
34.2_74.1,Landslide,10,1
34.2_74.3,Landslide,4,1
34.2_74.3,Landslide,5,1
34.2_74.3,Landslide,6,1
34.2_74.3,Landslide,7,1
34.2_74.4,Landslide,4,1
34.2_74.5,Landslide,2,1
34.2_74.6,Earthquake,10,1
34.2_75.5,Landslide,3,1
34.2_76.2,Earthquake,6,1
34.2_76.5,Earthquake,3,1
34.2_77.3,Landslide,3,1
34.2_77.4,Landslide,6,1
34.2_77.5,Landslide,6,1
34.2_77.6,Flood,8,2
34.2_77.6,Landslide,6,1
34.2_77.6,Landslide,8,2
34.2_78.7,Earthquake,2,1
34.2_79.3,Earthquake,9,1
34.2_79.7,Earthquake,7,1
34.2_79.8,Earthquake,4,1
34.2_80.3,Earthquake,1,1
34.2_80.4,Earthquake,2,1
34.3_73.9,Earthquake,9,1
34.3_75.1,Landslide,7,1
34.3_75.3,Landslide,8,1
34.3_75.4,Landslide,5,1
34.3_75.4,Landslide,7,1
34.3_75.4,Landslide,8,1
34.3_75.5,Landslide,4,1
34.3_75.7,Earthquake,3,1
34.3_76.4,Earthquake,5,1
34.3_76.4,Earthquake,6,1
34.3_77.3,Landslide,6,1
34.3_79.2,Earthquake,10,1
34.3_79.7,Earthquake,3,1
34.3_79.8,Earthquake,1,1
34.3_80.0,Earthquake,1,1
34.3_80.2,Earthquake,6,1
34.4_74.1,Earthquake,11,1
34.4_74.2,Earthquake,5,1
34.4_74.3,Landslide,4,1
34.4_75.6,Landslide,5,1
34.4_76.2,Earthquake,2,1
34.4_76.3,Earthquake,4,1
34.4_76.3,Landslide,1,1
34.4_76.3,Landslide,4,2
34.4_76.6,Earthquake,2,1
34.4_76.7,Earthquake,5,1
34.5_74.2,Landslide,8,1
34.5_74.4,Earthquake,10,1
34.5_74.8,Earthquake,4,1
34.5_75.6,Earthquake,11,1
34.5_78.5,Earthquake,1,1
34.5_79.7,Earthquake,12,1
34.5_80.0,Earthquake,8,1
34.5_80.2,Earthquake,3,1
34.6_73.2,Flood,7,1
34.6_74.1,Earthquake,4,1
34.6_74.9,Landslide,8,1
34.6_76.1,Landslide,6,1
34.6_77.6,Landslide,5,1
34.6_79.8,Earthquake,3,1
34.6_79.9,Earthquake,11,1
34.6_80.1,Earthquake,6,1
34.7_74.0,Landslide,8,1
34.7_74.1,Earthquake,7,1
34.7_74.7,Landslide,3,1
34.7_75.2,Earthquake,6,1
34.7_79.1,Earthquake,2,1
34.7_80.1,Earthquake,8,1
34.7_80.1,Earthquake,9,1
34.7_80.1,Earthquake,11,1
34.7_80.2,Earthquake,1,1
34.7_80.2,Earthquake,10,1
34.8_75.1,Earthquake,12,1
34.8_77.5,Earthquake,12,1
34.8_80.1,Earthquake,12,1
34.8_80.2,Earthquake,8,1
34.8_80.2,Earthquake,12,1
34.9_76.8,Landslide,12,1
34.9_77.4,Earthquake,12,1
35.1_77.4,Earthquake,9,1
35.2_76.8,Earthquake,6,1
35.2_77.4,Earthquake,6,1
35.2_77.7,Earthquake,5,1
35.2_77.7,Earthquake,10,1
35.2_77.8,Earthquake,8,1
35.3_77.0,Earthquake,12,1
35.3_77.1,Earthquake,11,1
35.3_77.6,Earthquake,10,1
35.3_77.8,Earthquake,7,1
35.3_77.9,Earthquake,11,1
35.3_78.5,Earthquake,12,1
35.4_74.3,Earthquake,10,1
35.4_77.1,Earthquake,11,1
35.4_77.5,Earthquake,5,1
35.4_78.3,Earthquake,1,1
35.4_78.3,Earthquake,3,1
35.4_78.4,Earthquake,7,1
35.4_78.4,Earthquake,9,1
35.4_78.4,Earthquake,11,1
35.5_74.5,Earthquake,1,1
35.5_76.5,Earthquake,7,1
35.5_76.6,Earthquake,2,1
35.5_76.9,Earthquake,12,1
35.5_77.6,Earthquake,1,1
35.5_77.6,Earthquake,10,1
35.5_78.2,Earthquake,9,1
35.5_78.3,Earthquake,9,1
35.6_76.5,Earthquake,5,1
35.6_76.6,Earthquake,4,1
35.6_76.8,Earthquake,3,1
35.6_77.4,Earthquake,10,1
35.6_77.5,Earthquake,1,1
35.6_77.8,Earthquake,4,1
35.6_78.0,Earthquake,5,1
35.6_78.4,Earthquake,5,2
35.6_78.4,Earthquake,6,1
35.6_78.5,Earthquake,2,1
35.6_78.5,Earthquake,6,1
35.6_78.5,Earthquake,11,1
35.7_77.5,Earthquake,3,1
35.7_77.7,Earthquake,4,1
35.7_78.2,Earthquake,9,1
35.7_78.2,Earthquake,11,1
35.7_78.5,Earthquake,12,1
35.8_77.3,Earthquake,1,1
35.8_77.4,Earthquake,10,1
35.8_77.4,Earthquake,12,1
35.8_77.5,Earthquake,8,1
35.8_77.6,Earthquake,2,1
35.8_77.7,Earthquake,8,1
35.8_78.3,Earthquake,5,1
36.0_76.9,Earthquake,4,1
36.0_77.5,Earthquake,1,1
36.1_77.1,Earthquake,3,1
36.1_77.8,Earthquake,8,1
36.4_77.0,Earthquake,12,1
36.5_76.1,Earthquake,9,1
36.7_73.1,Earthquake,3,1
6.1_80.1,Cyclone,12,1
6.1_80.2,Cyclone,12,1
6.1_80.9,Cyclone,1,1
6.3_95.5,Cyclone,3,1
6.5_82.5,Cyclone,2,1
7.0_82.4,Cyclone,1,1
7.1_82.7,Cyclone,12,1
7.2_81.9,Cyclone,3,1
7.3_81.9,Cyclone,4,1
7.3_82.0,Cyclone,10,1
7.4_82.1,Cyclone,11,1
7.5_81.0,Cyclone,12,1
7.6_79.5,Cyclone,10,1
7.6_81.9,Cyclone,12,1
7.6_82.0,Cyclone,12,1
7.6_82.6,Cyclone,1,1
7.8_81.8,Cyclone,12,1
7.9_81.9,Cyclone,12,1
8.0_79.8,Cyclone,11,1
8.0_91.9,Earthquake,9,1
8.0_91.9,Earthquake,10,1
8.0_92.1,Earthquake,6,1
8.0_92.2,Earthquake,6,1
8.0_93.8,Earthquake,3,1
8.0_93.8,Earthquake,8,1
8.0_94.0,Earthquake,10,1
8.1_77.6,Cyclone,11,1
8.1_91.9,Earthquake,11,1
8.1_93.3,Earthquake,1,1
8.1_93.5,Earthquake,8,1
8.1_93.6,Earthquake,12,1
8.1_93.9,Earthquake,4,1
8.1_94.9,Earthquake,11,1
8.2_77.3,Landslide,5,1
8.2_77.4,Landslide,11,1
8.2_91.8,Earthquake,10,1
8.2_92.1,Earthquake,9,1
8.2_92.2,Earthquake,12,1
8.2_93.8,Earthquake,11,1
8.2_94.2,Earthquake,6,1
8.2_94.3,Earthquake,10,1
8.3_77.2,Landslide,9,1
8.3_81.5,Cyclone,11,1
8.3_81.7,Cyclone,10,1
8.3_81.9,Cyclone,12,1
8.3_91.8,Earthquake,9,1
8.3_92.1,Earthquake,12,1
8.3_93.4,Earthquake,8,1
8.3_93.7,Earthquake,10,1
8.3_94.0,Earthquake,8,1
8.3_94.0,Earthquake,10,1
8.3_94.1,Earthquake,12,1
8.3_94.2,Earthquake,10,1
8.3_94.4,Earthquake,10,1
8.4_92.3,Earthquake,5,1
8.4_92.3,Earthquake,10,1
8.4_92.4,Earthquake,5,1
8.4_93.0,Earthquake,2,1
8.4_93.1,Earthquake,6,1
8.4_93.8,Earthquake,8,1
8.5_76.9,Landslide,11,2
8.5_77.0,Landslide,11,2
8.5_81.5,Cyclone,12,2
8.5_81.7,Cyclone,3,1
8.5_81.7,Cyclone,12,1
8.5_92.3,Earthquake,6,1
8.5_93.3,Earthquake,2,1
8.5_93.4,Earthquake,5,1
8.5_93.5,Earthquake,5,1
8.5_94.0,Earthquake,12,1
8.6_91.9,Earthquake,8,1
8.6_92.1,Earthquake,2,1
8.6_92.6,Earthquake,9,1
8.6_93.0,Earthquake,1,1
8.6_93.3,Earthquake,6,1
8.6_93.6,Earthquake,3,1
8.6_93.8,Earthquake,9,1
8.6_93.9,Earthquake,3,1
8.6_93.9,Earthquake,9,2
8.6_93.9,Earthquake,11,1
8.6_94.9,Earthquake,9,1
8.7_76.9,Landslide,12,1
8.7_81.3,Cyclone,12,1
8.7_82.1,Cyclone,3,1
8.7_92.1,Earthquake,2,1
8.7_92.4,Earthquake,3,1
8.7_92.4,Earthquake,9,1
8.7_93.4,Earthquake,4,1
8.7_93.6,Earthquake,11,1
8.7_93.7,Earthquake,1,1
8.7_93.9,Earthquake,11,1
8.7_94.0,Earthquake,3,1
8.7_94.0,Earthquake,12,1
8.7_94.1,Earthquake,12,1
8.7_94.4,Earthquake,12,1
8.8_92.3,Earthquake,3,1
8.8_93.6,Earthquake,3,1
8.8_93.6,Earthquake,6,1
8.8_93.8,Earthquake,3,2
8.8_93.9,Earthquake,3,1
8.8_93.9,Earthquake,4,1
8.8_93.9,Earthquake,6,2
8.9_92.4,Earthquake,2,1
8.9_93.6,Earthquake,7,1
8.9_93.7,Earthquake,1,1
8.9_93.7,Earthquake,7,1
8.9_93.8,Earthquake,5,2
8.9_93.8,Earthquake,6,1
8.9_93.9,Earthquake,4,1
9.0_78.5,Cyclone,11,1
9.0_81.0,Cyclone,11,2
9.0_81.1,Cyclone,12,1
9.0_81.2,Cyclone,12,1
9.0_92.2,Earthquake,8,1
9.0_92.3,Earthquake,8,1
9.0_93.6,Earthquake,6,1
9.0_93.7,Earthquake,8,1
9.0_93.8,Earthquake,3,1
9.0_94.0,Earthquake,4,1
9.1_78.7,Cyclone,10,1
9.1_92.5,Earthquake,12,1
9.1_92.6,Earthquake,2,1
9.1_92.6,Earthquake,7,1
9.1_92.7,Earthquake,5,1
9.1_92.8,Earthquake,12,1
9.1_93.1,Earthquake,12,1
9.1_93.7,Earthquake,1,1
9.1_93.8,Earthquake,10,1
9.1_94.1,Earthquake,5,1
9.2_81.1,Cyclone,12,1
9.2_91.5,Earthquake,4,1
9.2_92.8,Earthquake,3,1
9.2_92.8,Earthquake,9,1
9.2_93.6,Earthquake,8,1
9.2_93.7,Earthquake,8,1
9.2_93.9,Earthquake,5,1
9.2_94.0,Earthquake,8,1
9.3_80.6,Cyclone,12,1
9.3_80.9,Cyclone,1,1
9.3_81.1,Cyclone,1,1
9.3_93.5,Earthquake,12,1
9.3_93.6,Earthquake,5,1
9.3_93.7,Earthquake,3,1
9.3_93.7,Earthquake,7,1
9.4_76.9,Landslide,6,1
9.4_78.8,Cyclone,10,1
9.4_78.8,Cyclone,12,1
9.4_80.0,Cyclone,3,1
9.4_80.6,Cyclone,1,1
9.4_92.9,Earthquake,7,1
9.4_93.1,Earthquake,1,1
9.4_93.1,Earthquake,2,1
9.4_93.1,Earthquake,5,1
9.4_93.1,Earthquake,6,1
9.4_93.1,Earthquake,10,1
9.4_93.2,Earthquake,11,1
9.4_93.5,Earthquake,9,1
9.4_93.6,Earthquake,1,1
9.4_93.9,Earthquake,6,1
9.5_76.9,Landslide,6,1
9.5_77.0,Landslide,2,1
9.5_92.7,Earthquake,4,1
9.5_92.8,Earthquake,6,1
9.5_93.3,Earthquake,8,1
9.5_93.5,Earthquake,11,1
9.5_93.6,Earthquake,1,1
9.6_76.5,Landslide,7,1
9.6_76.5,Landslide,8,1
9.6_76.9,Landslide,8,1
9.6_77.0,Landslide,1,1
9.6_92.1,Earthquake,3,1
9.6_92.2,Earthquake,6,1
9.6_92.5,Earthquake,6,1
9.6_93.0,Earthquake,12,1
9.6_93.1,Earthquake,10,1
9.6_93.4,Earthquake,3,1
9.7_76.8,Landslide,5,1
9.7_76.8,Landslide,8,3
9.7_92.6,Earthquake,7,1
9.7_93.1,Earthquake,5,1
9.7_93.3,Earthquake,5,1
9.7_93.4,Earthquake,6,1
9.7_93.9,Earthquake,11,1
9.8_76.9,Landslide,2,1
9.8_76.9,Landslide,5,1
9.8_76.9,Landslide,7,1
9.8_77.1,Landslide,6,1
9.8_77.1,Landslide,8,5
9.8_79.8,Cyclone,4,1
9.8_91.8,Earthquake,3,1
9.8_92.5,Earthquake,2,1
9.8_92.7,Earthquake,7,1
9.8_92.8,Earthquake,9,1
9.8_92.8,Earthquake,10,1
9.8_92.9,Earthquake,7,1
9.8_93.2,Earthquake,3,1
9.8_93.4,Earthquake,9,1
9.8_93.5,Earthquake,3,1
9.8_93.6,Earthquake,4,1
9.8_93.7,Earthquake,4,1
9.8_93.8,Earthquake,10,2
9.8_93.9,Earthquake,10,1
9.8_93.9,Earthquake,11,1
9.8_94.0,Earthquake,2,1
9.9_76.4,Landslide,2,1
9.9_76.4,Landslide,9,1
9.9_76.7,Landslide,2,1
9.9_76.8,Landslide,10,1
9.9_76.9,Landslide,5,2
9.9_77.0,Landslide,4,1
9.9_77.0,Landslide,5,1
9.9_78.5,Flood,11,1
9.9_79.4,Cyclone,11,1
9.9_80.2,Cyclone,12,1
9.9_92.9,Earthquake,11,1
9.9_93.0,Earthquake,1,1
9.9_93.0,Earthquake,7,1
9.9_93.0,Earthquake,11,1
9.9_93.1,Earthquake,2,1
9.9_93.1,Earthquake,9,1
9.9_93.6,Earthquake,1,1
9.9_93.8,Earthquake,4,2
9.9_94.1,Earthquake,9,1
