district,disaster_type,district_event_count
"(Between Burliar And Kallar) Nilgiris, Tamil Nadu,",Landslide,1
"(Okai Tea Garden) Mirik, Darjeeling, West Bengal",Landslide,1
(Rail Track Between Kallar And Burliar)Tamil Nadu,Landslide,1
"(Thalanadu - Teekoy Hwy), Erattupetta, Kottayam (Thalanadu - Teekoy Hwy)",Landslide,1
".5 Km Away From Valparai Police Station At A Construction Site, Valparai, Tamil Nadu, India",Landslide,1
"12Th Mile Area At Jorabat, Meghalaya, India",Landslide,1
14 Milestone Of J N Marg Near Kyangnosola (East Sikkim),Landslide,1
"15 Km From Gangtok, Himalayans",Landslide,1
"15 Kms From Maram, National Highway-102/A (Maram Peren Road)",Landslide,1
"17Th Mile Towards Tsomgo Lake, Near Kyongsala, Sikkim",Landslide,1
"17Th Mile(?), Jawaharlal Nehru Marg Hwy, Between Gangtok And Nathu La, Sikkim",Landslide,1
"2 Km From Khongsang Village(?), Road Between Tamenglong And Imphal Or Nungba, Manipur",Landslide,1
"2 Mw Sal-Ii Hydropower Project, On The Outskirts Of Chamba",Landslide,1
200 Meters From Teesta Bridge Towards Siliguri,Landslide,1
22 Kms To 30 Kms Between Sangkungmai And Willong,Landslide,1
24 Parganas,Cyclone,1
"3Km Ahead Of Palchan, Manali-Palchan",Landslide,1
4 Locations In The Kannur District,Landslide,1
"43 Km-Point On Mughal Road, Poonch District, Jammu And Kashmir, India",Landslide,1
"4Th Mile On Road Between Rongli, Rhenock And Rangpo In East Sikkim.",Landslide,1
"4Th Mile, Lower Mangshila In North Sikkim",Landslide,1
5 Km From Kedarnath Temple,Landslide,1
"5 Km Off Sangam Point On Aalo- Pangin Road, Arunachal Pradesh, India",Landslide,1
"7 Km Of Road, Between Kasang And Akpa",Landslide,1
8 Mile In Kalimpong,Landslide,1
"A Cachar District Village, Near Village Of Srinager, Assam",Landslide,1
A Coal Mine In Sundergarh District Of Odisha,Landslide,1
A Construction Site On Tiger Hill Road,Landslide,1
A Hillock Between Kasara And Igatpuri,Landslide,1
"A Nullah Near The Government Hospital In Mandi, Himachal Pradesh",Landslide,1
A Village Near Bhavanagar,Landslide,1
Abhay?Puri,Earthquake,1
Adderlie Near Coonoor,Landslide,1
Adhkuwari,Landslide,1
Adilabad,Flood,3
Adoshi Tunnel,Landslide,2
"Adoshi Tunnel,  Khandala Ghat, On Pune-Mumbai Expressway",Landslide,1
"Adoshi Tunnel, Mumbai-Pune Expressway",Landslide,1
"Again On Tracks Near Kulshekar, Mangalore",Landslide,1
Agra,Flood,1
Ahmednagar,Flood,1
"Ahmednagar-Thane Road , Malshej Ghat, Maharashtra, India",Landslide,1
Aizawl,Earthquake,5
Aizawl,Landslide,3
"Aizawl, Mizoram, India",Landslide,1
"Aizawl-Lengpui Rd 3Km From Aizawl, Mizoram, Manipur",Landslide,1
Ajmer,Flood,1
Ajmer / Jaipur,Earthquake,1
Akola,Flood,2
Akonggre,Landslide,1
"Akuk Village, Wokha District, Nagaland",Landslide,1
Al?Pur Du?R,Earthquake,1
"Alaknanda Valley Of Chamoli District, Uttarakhand",Landslide,1
Alappuzha,Flood,6
Allahabad,Flood,3
Almora,Landslide,2
"Almora, Uttarakhand",Landslide,1
"Almora-Pithoragarh Road, Between Makrau And Thiari",Landslide,1
Along,Earthquake,4
Along Sringar Jammu Highway Between Panthial And Nachlana,Landslide,1
"Altinho, Goa",Landslide,1
Alwarpet In Coonoor,Landslide,1
Amarpur,Earthquake,1
Ambalappara In Thrissur,Landslide,1
"Ambedkar Nagar Slum(?), Ulhasnagar City, Thane District, Maharashtra",Landslide,1
Ambegaon,Landslide,1
"Amboli Ghat In Sindhdurg, Konkan",Landslide,1
"Amboli, Belagum, 1.5 Km From Main Waterfalls",Landslide,1
"Amei To Kangpokpi Via Imphal Road, 0.5 Km From Tamei, Tamenglang District",Landslide,1
Amingaon,Landslide,1
Amravati,Flood,2
Amreli,Flood,3
Amreli/Bhavnagar,Cyclone,8
Amritsar,Flood,4
Anantnag,Flood,4
Andaman & Nicobar Islands Coast,Cyclone,8
Andaman Islands,Cyclone,2
Andhra Pradesh,Cyclone,1
Andhra Pradesh Coast,Cyclone,226
"Angod, Mapusa",Landslide,1
"Anini-Roing Road,  Dibang Valley,  Arunachal Pradesh",Landslide,1
"Anmod Ghat Road, Goa-Karnataka Border",Landslide,1
Anni And Nahan,Landslide,1
"Antop Hill, Mumbai",Landslide,1
Araria,Flood,2
Arthanareeswarar Temple,Landslide,1
Arunachal Pradesh,Earthquake,3
Arunachal Pradesh,Landslide,4
"Arunachal Pradesh, Dibang,",Landslide,1
Arunachal Pradesh/Itanagar,Landslide,1
Assam,Earthquake,1
Assam - Nagaland,Earthquake,1
"Assam-Agartala National Highway, Sonarpur In Jayantiya Hills Of Meghalaya",Landslide,1
Assam-Nagaland-Manipur,Earthquake,1
At The Talgaon Cutting Between Sindhudurg And Kudal Section Of The Konkan Railway,Landslide,1
"Atharamura Hills, Highway 44, Tripura",Landslide,1
Atlanta Point,Landslide,1
Aurangabad,Flood,1
Ausa,Earthquake,3
"Avalanche, Nilgiris, Tamil Nadu",Landslide,1
"Ayanur Near Neriya, Karnataka",Landslide,1
Azad Jammu And Kashmir,Landslide,1
B?Bai,Earthquake,1
B?Lurgh?T,Earthquake,1
B?Nkura,Earthquake,1
B?Sugaon,Earthquake,1
B?Wal,Earthquake,1
Babrang Village Under Jang Circle In Tawang District,Landslide,1
Badrinath,Landslide,1
"Badrinath And Yamunotri Shrines(?), Garhwal Region, Uttarakhand",Landslide,1
Badrinath Highway Near Mulygoan In Tihri,Landslide,1
"Badrinath Rd,  Rishikesh, Uttarakhand",Landslide,1
"Badrinath Route, Lambagarh(?), Uttarakhand",Landslide,1
Bagalkot,Flood,2
"Bageshwar, Uttarakhand",Landslide,1
"Baglihar Dam, On River Chenab, Chanderkote In Banihal, Ramban , Jammu And Kashmir",Landslide,1
Bagul?,Earthquake,1
Bahraich,Flood,1
Baikunthpur,Earthquake,1
Baksa,Flood,2
"Bala, Pithoragarh, Uttarakhand (450Km From Deheradun)",Landslide,1
Balangir,Flood,1
Balasore,Flood,2
"Baliyanala, Nainithal",Landslide,1
Ballia,Flood,3
Balsori Villages In The Akhrori Area,Landslide,1
Baltal,Landslide,1
"Balussery, Kozhikode, Kerala",Landslide,1
Bamunimaidam,Landslide,1
Banaskantha,Flood,1
Bandar,Cyclone,1
Bandibala,Landslide,1
Bangalore,Flood,1
Bangalore Rural,Flood,1
"Banganga-Ardhkuwari Road, Enroute To He Cave Shrine Of Mata Vaishnodevi In Jammu And Kashmirâ€™S Reasi District",Landslide,1
Bangapani Area Of Pithoragarh,Landslide,1
"Banihal, Ramban District, Kashmir",Landslide,1
"Banihal, Srinagar-Jammu Highway",Landslide,1
Banj?R,Earthquake,4
Bankura,Flood,3
"Bantwal Cross (Bc) Road Flyover, Nh48, Between Mangalore And Beltangady(Belthangady) And Puttur, Bantwal, Karnataka",Landslide,1
Bapatla,Cyclone,1
"Baralacha La And Rahni Nallah, Himachal Pradesh Along Manali Â€“ Leh Highway",Landslide,1
Baran,Flood,2
Bardang Near Singtam,Landslide,1
Barddhaman,Flood,1
Bardhaman,Flood,1
Bareilly,Flood,1
Barisal Impact Wb,Cyclone,1
Barkot,Earthquake,3
Barmer,Flood,4
"Barnoi, Bandipora, Kashmir",Landslide,1
Baroda,Flood,1
"Barog, Shimla; Chandigarh-Shimla National Highway",Landslide,1
Barpeta,Earthquake,1
Barpeta,Flood,9
Barpeta Road,Earthquake,1
Barwani,Flood,1
"Basantpur Or Gouchar Village (Two Conflicting Sources), Chamoli District",Landslide,1
Baskatwa In Gaya District,Landslide,1
Basohli-Bani Road,Landslide,1
Batahghuli,Landslide,1
"Batahguli, Guwahati, Assam",Landslide,1
Batote,Landslide,1
"Batote-Doda Highway, Ramgarh(?), Baggar(Bagger)(?) Area, Doda District, Jammu And Kashmir",Landslide,1
"Batote-Doda-Kishtwar Road, At Jathi(?) And Drabshalla, Jammu And Kashmir",Landslide,1
"Batote-Kishtwar Highway, Kishtwar Stretch",Landslide,1
Bauda,Flood,1
"Bazpur, Uttarakhand",Landslide,1
Beerwah,Landslide,1
Begusarai,Flood,1
Beldanga,Landslide,1
Belgaum,Flood,4
Beli?Tor,Earthquake,1
Bellary,Flood,6
Belonia,Earthquake,1
Berhampur,Cyclone,1
Beri Kh?S,Earthquake,1
Between Bally Halt And Rajchandrapur Stations In Kolkata,Landslide,1
"Between Banihal And Batote, Udhampur, National Highway, Jammu",Landslide,1
Between Batote And Ramban,Landslide,1
Between Bongyang And Lokchao Along The Imphal-Moreh Highway,Landslide,1
Between Chalong And Paraolon,Landslide,1
"Between Haflong And  Bagetar, Assam",Landslide,1
Between Kasara And Igatpuri,Landslide,1
"Between Kathalighat(Kathleeghat) And Knoh(?) Stations, Rail Line Between Solan And Shimla 15 Km Form Shimla, Himachal Pradesh",Landslide,1
"Between Mahur And Maigrandisa(?) Or Lumding, Assam",Landslide,1
Between Mahur And Phaiding Railway Stations On Barail Hills (Mahur And Barail Hills Located),Landslide,1
"Between Maibang And Daotohaja, Assam",Landslide,1
Between Maku Village And Kamjong Sub Division,Landslide,1
Between Manali And Rohtang,Landslide,1
Between Moltuk To New Songjang Village,Landslide,1
Between Phesama And Kuima In Nagaland,Landslide,1
"Between Rudaprayag And Guptkashi, Uttarakhand (2 Landslides)",Landslide,1
Between Siliguri And Sevak,Landslide,1
Between Tengnoupal-Sita Junction And Tengnoupal Power Sub-Station,Landslide,1
Bh?Nder,Earthquake,1
Bhach?U,Earthquake,5
Bhadrachalam,Flood,2
Bhadrak,Cyclone,1
Bhadrak,Flood,1
Bhagalpur,Flood,3
Bhandara,Flood,1
"Bhangagarh, Assam",Landslide,1
Bharuch,Flood,3
"Bhatwari Area Of Uttarkashi Districti, Uttarakhand",Landslide,1
"Bhatwari, Rishikesh-Gangotri Highway, Uttarkhand",Landslide,1
"Bhatwari, Rishikesh-Gangotri Hwy",Landslide,1
Bhavnagar,Cyclone,1
Bhavnagar,Flood,1
"Bhikona Village, Pokhri Block, Chamoli Village, Uttarakhand",Landslide,1
"Bhimtal Area, Naintal District, Uttarakhand",Landslide,1
Bhind,Flood,1
Bhojpur,Flood,3
Bhojpur,Landslide,1
Bhopal,Flood,1
Bhubaneswar,Cyclone,2
Bhusawal,Flood,1
Biama Area Of Khalsi Tehsil In Leh District,Landslide,1
Bid,Flood,2
Bidar,Flood,2
Bijapur,Flood,3
Bikaner,Flood,2
Bil?Sip?Ra,Earthquake,1
"Bilaipur, Hailakandi District, Assam, India",Landslide,1
Bilaspur,Earthquake,1
Bilaspur,Flood,4
"Bilaspur And Mandi Towns, Chandigarh-Manali National Highway-21, Himachal Pradesh",Landslide,1
Birbhum,Flood,1
"Birik On Nh31A, Kalimpong",Landslide,1
Bishnupur,Flood,1
Blocked The Track Between Railpathri And Baltal,Landslide,1
"Blue Metal Quarry, Kondayanpatti, Madurai District, India",Landslide,1
Bok?Kh?T,Earthquake,8
Bokaj?N,Earthquake,1
Bolangir,Flood,1
Bomdila,Earthquake,18
Bongaigaon,Earthquake,2
Bongaigaon,Flood,5
"Bop, Sikkim",Landslide,1
"Boragaon, North Guwahati, Guwahati, Assam,",Landslide,1
"Borra Caves, Andhra Pradesh",Landslide,1
"Borsorsa(?), West Khasi Hills, Meghalaya",Landslide,1
Botsa  And Chiechama,Landslide,1
Boudh,Flood,2
"Brahmananda Reddy Nagar(?), Machavaram, Vijayawada City, Andhra Pradesh",Landslide,1
"Bridge Between Coonoor And Barliar, Tamil Nadu",Landslide,1
Budaun,Flood,1
"Bungte Chiru Village(?), Senapati District, Manipur",Landslide,1
Burdwan,Flood,1
Buxar,Flood,1
Byrnihat,Landslide,1
Cachar,Flood,1
Cachar / Dima Hasao,Earthquake,13
Canacona,Landslide,1
Carmel School In Palakkayam,Landslide,1
Ch??B?Sa,Earthquake,1
"Chadiyan(?) Village Near Uri, Baramulla District, Jammu And Kashmir",Landslide,1
"Chagoan Village Near Tapri, 220 Km From The State Capital Shimla, Kinnaur District, Himachal Pradesh",Landslide,1
"Chakki-Ka-Mor, About 10 Km From Parwanoo",Landslide,1
"Chakrata, Uttarakhand, India",Landslide,1
"Chakwa Bridge, 9 Kilomters Short Of Doda",Landslide,1
Chal?La,Earthquake,1
Chamba,Earthquake,2
Chamba,Flood,5
Chamba,Landslide,3
Chamba / Kangra,Earthquake,11
Chamoli,Flood,2
Chamoli,Landslide,11
"Chamoli , Uttarakhand",Landslide,1
Chamoli / Rudraprayag,Earthquake,23
"Chamoli District, Uttarakhand",Landslide,2
"Chamoli, Uttarakhand",Landslide,2
Champai,Landslide,2
Champawat,Earthquake,1
Champawat,Landslide,1
"Chandanpur Village, Maharajpur, Kanpur, India",Landslide,1
Chandel,Landslide,2
"Chandigarh-Shimla National Highway (Nh 22), Near Parwanoo, Himachal Pradesh",Landslide,1
"Chandoli(?) And Karchuna(?) Vilalges, Pokkhri, Chamoli, Uttarakhand, Uttranchal",Landslide,1
Chandrapur,Flood,4
"Charan Padika, Jammu",Landslide,1
Chardham Yatra,Landslide,1
Chatra,Flood,2
"Cheeyapara Near Neriyamangalam, Kerala",Landslide,1
"Cheeyappara Waterfalls, Ernakulam, Kerala",Landslide,1
"Chembur, Mumbai, Maharashtra",Landslide,1
Chena Bhati In Karara,Landslide,1
Chennai,Cyclone,16
Chennai,Earthquake,1
Chennai,Flood,2
"Chetra Village, Dehradun, India",Landslide,1
Chh?Ta,Earthquake,1
Chhaprauli,Earthquake,1
"Chhatanga Area; Helkugad; And Netala, All On The Rishikesh-Yamunotri National Highway",Landslide,1
"Chhatanga(?) Village On Rishikesh-Yamunotri Highway, Uttarkashi",Landslide,1
"Chhatru(?), Gramphu(?)-Kaza Rd, Himachal Pradesh",Landslide,1
Chhindwara,Landslide,1
"Chhinga Veng, Aizawl",Landslide,1
"Chhinka Area(?), On Rishikesh-Badrinath Hwy",Landslide,1
"Chiechama, Nagaland",Landslide,1
Chikmagalur,Flood,3
Chincholi,Earthquake,1
"Chingai-Kuingai(Quingai) Route (16 Kms), Chingai Subdivision, Ukhrul District, Manipur",Landslide,2
Chinona Area In Almora District,Landslide,1
Chirang,Flood,1
Chitradurga,Flood,3
Chittagong Impact,Cyclone,1
Chittagong-Wb Border,Cyclone,1
"Chittinagar, Vijayawada City, Andhra Pradesh",Landslide,1
"Choglamsar(Choklamsar) Village, Jammu And Kashmir",Landslide,1
Chohla,Landslide,1
Chohla Village Of Kajlot Panchayat,Landslide,1
"Chonamala, Periyamata, Vellampatta",Landslide,1
Chontinar Village Of Central Kashmir Budgam District,Landslide,1
"Chrsiturajupuram, Vijayawada, Andhra Pradesh",Landslide,1
"Chumukedima, Dimapur",Landslide,1
"Chungthang, Sikkim",Landslide,1
Chur?Ch?Ndpur,Earthquake,20
Coastal Karnataka,Landslide,1
Construction Site In East Kidwai Nagar,Landslide,1
Cooch Behar,Flood,1
Cox'S Bazar Impact,Cyclone,1
Cuddalore,Cyclone,6
Cuddalore,Flood,1
Cuddalore/Villupuram,Cyclone,26
Cuddappa,Landslide,1
"Cuddegal In Sanvordem, Outside The Mining Lease Area",Landslide,1
Cuttack,Cyclone,1
Cuttack,Flood,5
D?Nh?Ta,Earthquake,1
Dabhol Village Of Maharashtra'Sâ Ratnagiriâ District,Landslide,1
Dahanu,Cyclone,1
Dakhingaon,Landslide,1
Dakshin Bastar Dantewada,Flood,1
Dakshina Kannada,Flood,4
Damoh,Flood,1
"Dapchhuah, Mamit, Mizoram",Landslide,1
Dara Gutli Village Of Uri Sector In North Kashmir'S Baramulla District,Landslide,1
"Daragaon(?), Gangtok City, Sikkim",Landslide,1
Darbhanga,Flood,2
Darjeeling,Landslide,4
Darjeeling (Between Tin Dharia And Rongtong),Landslide,1
Darjeeling / Jalpaiguri,Earthquake,6
"Darjeeling District, West Bengal, Toy Train Route",Landslide,1
"Darjeeling Heritage Railway, Darjeeling",Landslide,1
Darjeeling Hills (Lebong - 10 Km From Darjeeling,Landslide,1
"Darjeeling Hills, Multiple Villages In Area (Kurseong, Kalimpong, Bhalukopa, Kukhleinkhani)",Landslide,1
"Darjeeling Sadar, Darjeeling West Bengal",Landslide,1
"Darjeeling, West Bengal",Landslide,1
Darjiling,Flood,1
Darlawn,Earthquake,8
Darrang,Flood,3
Dausa,Flood,1
"Dawrpui Vengthar Cemetary, Aizwal, Mizoram",Landslide,1
"Debram Chawl, Antop Hill Near Sheikh Mistry Dargah Road, Central Mumbai",Landslide,1
Dehradun / Haridwar,Earthquake,10
"Dehradun, Uttarakhand",Landslide,2
"Dehradun-Mussoorie Rd, Himachal Pradesh",Landslide,1
Delhi,Flood,1
Delv?Da,Earthquake,1
Dergaon,Earthquake,1
"Deval, Chamoli District, Uttarakhand",Landslide,1
Dh?Rchula,Earthquake,5
Dh?Ri,Earthquake,1
Dhaktebhat In Dongri Village Of St Andre Constituency,Landslide,1
Dhalai,Landslide,2
"Dhalli, Himachal Pradesh",Landslide,1
Dhankuta,Landslide,1
"Dhar-Udhampur Rd, Moda Dadda, Udhampur",Landslide,1
"Dharam-Tharad Area(?), Ramban District",Landslide,1
"Dharampur, Mandi District",Landslide,1
Dharamsala Roads,Landslide,1
Dharamsala-Kangra State Highway,Landslide,1
"Dharasu And Nalupani Near Uttarkashi On Rishikesh Â€“ Gangotri Highway, Uttarakhand",Landslide,1
"Dharasu, Uttarkashi, Uttarakhand",Landslide,1
"Dharasu-Gangotri Road, Uttarakhand",Landslide,1
Dharmanagar,Earthquake,4
Dharmapuri,Flood,1
Dharwad,Flood,4
Dhemaji,Flood,7
Dhirenpara,Landslide,1
Dhok Bagla Near Kotranka,Landslide,1
Dhubri,Flood,4
Dhule,Flood,1
"Dibang Valley, Arunachal Pradesh",Landslide,1
Dibrugarh,Flood,6
Dibrugarh / Tinsukia,Earthquake,4
"Didihat, Uttarakhand, India",Landslide,1
"Digdol, Jammu-Srinagar National Highway, Between Kashmir And The Rest Of The Country",Landslide,1
Digha,Cyclone,1
"Dikhu Bridge(?), Mokokchung-Tuensang Road, Nagaland",Landslide,1
Dim?Pur,Earthquake,1
Dima Hasao,Landslide,3
Dimapur-Imphal Highway (Nh 39) Near Manipur,Landslide,1
Diphu,Earthquake,2
Dirba,Earthquake,1
"Districts Lakhimpur, Dhemaji, Golaghat, And Sonitpur, Assam Province",Landslide,1
Diwalkund In Dessa Belt Of Doda District,Landslide,1
Doba,Landslide,1
"Doba Sayedan, Kashmir",Landslide,1
Doda,Flood,1
Doda,Landslide,2
Doda-Bhaderwah Highway,Landslide,1
Doda-Kishtwar Road,Landslide,1
Dohad,Flood,1
"Dolma Lhakang Complex, Lumla, Tawang,  Arunachal Pradesh, India",Landslide,1
Dum Dum Parai,Landslide,1
"Dumuriput, Odisha 764021, India",Landslide,1
Durgapur,Earthquake,1
East Champaran,Flood,1
East Godavari,Flood,3
East Jaintia Hills,Landslide,1
East Kameng District In Arunachal Pradesh Bordering China,Landslide,1
"East Kameng, Arunachal Pradesh",Landslide,1
East Khasi Hills,Earthquake,4
East Midnapore/South 24 Parganas,Cyclone,114
"East Siang, Arunachal Pradesh",Landslide,1
East Sikkim,Earthquake,10
East Sikkim,Landslide,2
East Singhbhum,Flood,1
"Eastern Edge Of Leh City, Ladakh, Jammu And Kashmir",Landslide,1
Edakumeri Near Subrahmanya,Landslide,1
"Eknath(?) Chawl, Sainic Nagar(?), Below Mumbra Hill, Mumbra, Near Mumbai, Maharashtra",Landslide,1
"Ekvira Devi Temple, Karla Near Khandala",Landslide,1
"Endulin Nallah, Mayodia, 17-Camp, 83-Camp",Landslide,1
"Eraniel Station,  Kanyakumari District, India",Landslide,1
Erasama,Cyclone,1
Ernakulam,Flood,6
"Ernakulam, Kerala (Monsoon)",Landslide,1
Erode,Flood,1
Etah,Flood,1
Faizabad,Flood,1
Farangipete,Landslide,1
Farrukhabad,Flood,1
Fatehgarh Ch?Ri?N,Earthquake,1
"Fazl Ali College, Mokokchung, Nagaland",Landslide,1
Ferozeguda,Landslide,1
"Finchaytaar, Lodhoma, Darjeeling, India",Landslide,1
Firozpur,Flood,1
"First Hairpin Bend, Kerala-Tamil Nadu Inter-State Highway, Nadukani Ghat Road Connecting Nilambur With Gudallur In Tamilnadu",Landslide,1
Frasthar,Landslide,1
Gadag,Flood,3
Gagnani,Landslide,1
Gagret,Earthquake,2
"Gaiparnath Mahadev Temple, Foothills Of Chambal Ravines",Landslide,1
Gajapati,Flood,1
Gamraula Near Bilaspur,Landslide,1
Ganderbal,Flood,2
Gandhinagar,Flood,1
"Gandoh, Doda District, Jammu",Landslide,1
"Ganga Vihar Colony In Bhatwadi Area, Uttarkashi, Uttarakhand",Landslide,1
Ganganagar,Flood,1
"Gangortri-Rishikesh Highway, At Narendranagar In Tehri District Of Uttarakhand",Landslide,1
"Gangotree National Highway Near Bhatvaree, Uttarkashi District",Landslide,1
Gangotri,Landslide,1
Gangotri Highway,Landslide,1
"Gangotri Highway Near Helgugad, Uttarkashi, Uttarakhand, India",Landslide,1
"Gangotri-Rishikesh Hwy, Uttarakhand (Mid-Point Of Road -Exact Location Unknown)",Landslide,1
Gangtok,Landslide,2
Ganj?M,Earthquake,1
"Gaoilung(Gadailong) Village(?), Ward 4(?), Tamenglong, Manipur",Landslide,1
Garchuk,Landslide,1
Garhchiroli,Flood,3
Garhwa,Flood,1
"Garhwal, Uttarakhand",Landslide,1
Gariadhar,Earthquake,1
"Garo Hills, Tura",Landslide,1
"Gauchar, Chamoli District, Uttarakhand",Landslide,1
"Gaunsawaddo, Mapusa, Goa, India",Landslide,1
"Gaurikund, Road To Kedarnath, Garwhal Division, Uttarakhand",Landslide,1
Gaurikund-Kedarnath Pedestrian Trek,Landslide,1
Gaya,Flood,3
"Gayabari,  West Bengal",Landslide,1
Gayatri Nagar,Landslide,1
"Geetkolbong, Kalimpong Sub-Division, Darjeeling, West Bengal",Landslide,1
Geyzing-Jorethang Road And Naya Bazar-Legship Road,Landslide,1
"Ghaggar, Morni, Panchkula",Landslide,1
"Gharao Village, Near Holi Township",Landslide,1
"Ghat Road Leading To Sri Kanakadurga(Kanaka Durga) Temple, Indrakeeladri Hill, Vijayawada City, Andhra Pradesh",Landslide,1
"Ghat Road Of The Kanaka Durga Temple, Vijayawada District",Landslide,1
"Ghayabari-Tindharia On National Highway 55, Near Darjeeling Hills",Landslide,1
Ghazipur,Flood,2
"Gilbert Hill, Andheri West, Mumbai",Landslide,1
Go?Lp?Ra,Earthquake,4
Goa Coast,Cyclone,3
"Goa-Karnataka Link, Near Dudhsagar Waterfall",Landslide,1
Goalpara,Flood,6
Gobindpur,Earthquake,1
"Goddess Nijabankeswari Temple, Digapahandi, Ganjam District, Odisha, India",Landslide,1
Goh?Na,Earthquake,2
Gohpur,Earthquake,1
Golaghat,Flood,6
Gopalganj,Flood,2
Gopalpur,Cyclone,5
Gorakhpur,Flood,3
"Gosang Village Under Jengging Circle, Arunachal Pradesh",Landslide,1
Goshaingaon,Earthquake,1
"Gourishankar Tea Estate Premises, Darjeeling, West Bengal",Landslide,1
"Government Middle School (Gms) Kiphire Station Â€Œbâ€, Kiphire, Nagaland, India",Landslide,1
"Govindghat, On The Rishikesh-Badrinath Highway",Landslide,1
Gudalur,Landslide,1
"Gudalur Town, Nilgiris, Tamil Nadu",Landslide,1
"Gudder Village(?), Kulgam District, Jammu And Kashmir",Landslide,1
Gujarat,Earthquake,1
Gujarat Coast,Cyclone,45
Gulbarga,Flood,4
Gumma On Pathankot-Mandi National Highway,Landslide,1
Gunadala Hill Of Vijayawada,Landslide,1
"Gunji, Uttarakhand",Landslide,1
Guntur,Flood,4
Gurdaspur,Flood,1
"Gurez, Kashmir",Landslide,1
Guwahati,Flood,2
Guwahati,Landslide,2
"Guwahati, Assam",Landslide,1
Gwalior,Flood,1
Gyalshing,Earthquake,8
H?Jo,Earthquake,1
H?Rij,Earthquake,1
H?Sim?Ra,Earthquake,1
Haari Village Of Poonch District,Landslide,1
"Haflong, Assam",Landslide,1
Hail?K?Ndi,Earthquake,2
Hajibal,Landslide,1
Halvad,Earthquake,1
Hamirpur,Flood,6
Hanjishat Village In Handwara Area Of Kupwara District,Landslide,1
Hanogi,Landslide,1
"Hanogi On The Mandi-Kullu National Highway (Nh-21), Himachal Pradesh, India",Landslide,1
Hanumangarh,Flood,1
Haridwar,Flood,1
Haridwar In Uttarakhand Province,Landslide,1
"Harne(?) Village, Near Dapoli, Ratnagiri District, Maharashtra",Landslide,1
"Harsil, Uttarakhand",Landslide,1
Hassan,Flood,2
"Hathi Matha, Between Katra And Vaishno Devi Cave Shrine In Trikuta Hills, Reasi District",Landslide,1
"Hatisur(?), Sevok(Sevoke), Kalimpong Sub-Division, Nh 31A Between Siliguri And Gangtok, Sikkim",Landslide,1
Hatsingimari,Landslide,1
"Hattisurey In Kalimpong, On National Highway 31A",Landslide,1
Haveri,Flood,1
Hawai,Landslide,1
Hayuliang,Earthquake,7
"Hayuliang, Anjaw District,Arunachal Pradesh, India",Landslide,1
Hazaribagh,Flood,2
"Head Water Works, Kummaripalem, Vijayawada",Landslide,1
"Hee-Khola, Sikkim",Landslide,1
Heibok Hills,Landslide,1
"Helipong-Chessore Road, Nagaland",Landslide,1
"Highway 22, Near Borag Bypass, Near Solan, Himachal Pradesh, India",Landslide,1
"Highway 53 At Tupul, Tamenglong District",Landslide,1
"Highway To Rudraprayag District, Uttarakhand",Landslide,1
"Highway To Uttarkashi District, Uttarakhand",Landslide,1
Highways Leading To Badrinath And Gangotri,Landslide,1
"Hill(?) In Valmik Nagar, Kurla (Valmikinagar), Mumbai",Landslide,1
Himachal Pradesh School Education Board,Landslide,1
"Himachal Pradesh, All Over",Landslide,1
"Himachal Pradesh, Shimla District, Ghanvi Village",Landslide,1
Hindon River In Ghaziabad,Landslide,1
Hindustan-Tibet National Highway Near Matiana Village,Landslide,1
Hingdam Village In South Sikkim,Landslide,1
Hingoli,Flood,1
"Hoj-Potin Highway, Arunachal Pradesh, India",Landslide,1
Hoj?I,Earthquake,5
"Holenjang, Chandel District",Landslide,1
"Holy Cave Shrine, Mata Vaishno Devi, Trikuta Hills, Reasi District, Near Panchi Morh In Sanjichat Area En Route Mata Vaishno Devi",Landslide,1
Howrah,Flood,2
"Hual(Hu) Village(?), Lunglei-Lawngtlai Rd, Mizoram",Landslide,1
"Hunthar Veng, Mizoram",Landslide,1
"Hwy 123, Badnera, Maharashtra,",Landslide,1
Hyderabad,Flood,2
Idukki,Flood,6
Idukki,Landslide,4
"Idukki Taluk, Kerala",Landslide,1
"Idukki, Kerala",Landslide,1
"Idukki-Kattappana Rd, Keralaâ (Mid-Point Of Rd)",Landslide,1
Iit Campus In Mandi,Landslide,1
"Ikou-Gangpijang Road, Near: Ikou, Saikul, And Gangpijang; Imphal India",Landslide,1
Imph?L,Earthquake,5
Imphal / Senapati,Earthquake,7
Imphal West,Landslide,1
"Imphal-Dimapur Road  In Tadubi, Senapati District, Manipur, India",Landslide,1
"Imphal-Jiribam Section Of Nh-37 , Manipur",Landslide,1
Imphal-Ukhrul Road,Landslide,1
"Imphal-Ukhrul Sector Of National Highway 102, Manipur, India",Landslide,1
"India Gate(?), Srinagar-Leh Highway, Kashmir",Landslide,1
"Indira Bypass, Amdo Golai",Landslide,1
"Indrakeeladri Ghat Rd, Vijayawada, Andhra Pradesh",Landslide,1
Indri,Earthquake,1
"Irang(?) And Barak(?) And Makru(?) On Highway 53 Between Imphal And Jiribam, Manipur",Landslide,1
"Ishok Chingphu(?), Bishnupur, Assam",Landslide,1
Itanagar,Landslide,2
"Itanagar (One Near Pachali Power House, One Near Heema Hospital, And One Nearromik Colony At P Sector)",Landslide,1
"Itanagar, Arunachal Pradesh",Landslide,1
"Itanagar-Naharlagun, Arunachal Pradesh",Landslide,1
Itanagar/Naharlagur/Nirjuli,Landslide,1
Jagatsinghpur,Cyclone,1
Jagatsinghpur,Flood,1
"Jahjon Ward(?), Mon Town, Nagaland",Landslide,1
Jaipur,Flood,1
Jaisalmer,Earthquake,2
Jaisalmer,Flood,1
Jaisinghnagar,Earthquake,1
Jajapur,Flood,1
Jajpur,Flood,1
Jalandhar,Flood,1
Jalgaon,Flood,1
Jalna,Flood,1
Jalpaiguri,Flood,3
Jammu,Flood,1
Jammu And Kashmir,Landslide,1
Jammu And Kashmir Between Adhkuwari And Bhawan At Devi Dwar,Landslide,1
"Jammu And Srinagar Natl. Hwy., Panthal, Ramban",Landslide,1
Jammu Division,Earthquake,45
Jammu Srinagar Roadways - Between Banihal And Patnitop,Landslide,1
Jammu-Pathankot Route Near Samba,Landslide,1
Jammu-Poonch Highway Near Kalidhar,Landslide,1
Jammu-Srinagar Highway,Landslide,1
Jammu-Srinagar Highway Between Ramban And Srinagar,Landslide,1
"Jammu-Srinagar Highway, Pathal Area, Ramban District, Jammu And Kashmir",Landslide,1
"Jammu-Srinagar Hwy, Digdol, Ramban, Jammu And Kashmir",Landslide,1
"Jammu-Srinagar Hwy, Magarkote Area, Ramban District, Jammu And Kashmir",Landslide,1
"Jammu-Srinagar Hwy, Panthal, Ramban, Jammu And Kashmir",Landslide,1
"Jammu-Srinagar Hwy, Samarouli In Ramban District",Landslide,1
"Jammu-Srinagar Hwy, Sheeri(?), Ramban, Jammu And Kashmir",Landslide,1
Jammu-Srinagar National Highway,Landslide,2
Jammu-Srinagar National Highway At Kheri In Udhampur District,Landslide,1
"Jammu-Srinagar National Highway At Samroli, India",Landslide,1
Jammu-Srinagar National Highway In Jammu City,Landslide,1
"Jammu-Srinagar National Highway, Digdol Area, Jammu And Kashmir",Landslide,1
"Jammu-Sringar Hwy, Between Sri And Ramban, Kerala",Landslide,1
Jamnagar,Flood,1
Jamnagar/Dwarka,Cyclone,1
"Janki Chatti, Uttarakhand, India",Landslide,1
"Jaram, Kerala-Tamil Nadu Inter-State Highway, Nadukani Ghat Road Connecting Nilambur With Gudallur In Tamilnadu",Landslide,1
"Jatog And Kaithlighat Railway Stations, Kaithleeghat, Himachal Pradesh",Landslide,1
"Jawahar Tunnel-Patnitop Stretch In Ramban District, Jammu-Srinagar Highway",Landslide,1
Jawaharlal Nehru Marg,Landslide,1
"Jeevandaya Lane(?), Vijay Nagar, Ghatopar(Ghatkopar)",Landslide,1
"Jeori-Ganvi(?) Rd, Kinnuar(Kinnaur) District, Himachal Pradesh",Landslide,1
"Jetty, Desterovaddo, Bharatline-Tarivaddo And Harbour, Vasco, Goa",Landslide,1
Jharsuguda,Flood,1
Jheol Village In Dharamsala Subdivision,Landslide,1
"Jhulaghat Area Of Pithoragarh District, Uttarakhand",Landslide,1
Jivdani Temple,Landslide,1
Jodhpur,Flood,3
"Jog Falls, Karnataka",Landslide,1
"Jogindernagar, Himachal Pradesh",Landslide,1
Jorabat-Umiam Route,Landslide,1
Jorhat,Flood,9
Josh?Math,Earthquake,1
Joshimath,Landslide,1
Joshimath-Mallari Road,Landslide,1
Junagadh,Flood,1
"Jwagdhar Village, Sangrah, Sirmaur District, Himachal Pradesh, India",Landslide,1
K?Ndla,Earthquake,2
Kachchh,Flood,1
"Kadavoor, Erakulam, Kerala",Landslide,1
"Kadavoor, Kerala",Landslide,1
Kailashpur Hill,Landslide,1
Kaimur,Flood,1
"Kaiphundai(?)-Tousem(In Assam) Road, Tamenglong District, Manipur",Landslide,1
Kakching,Earthquake,11
Kakinada,Cyclone,2
"Kakolat Falls, Rajauli Sub-Division, India",Landslide,1
"Kala Nalah(?), Keylong-Udaipur Rd, Himachal Pradesh",Landslide,1
Kala Zar In Reasi District,Landslide,1
"Kalahandi District Of Orissa, Depur Village",Landslide,1
Kalijhora,Landslide,1
Kalimpong,Landslide,4
"Kalimpong, Darjeeling, West Bengal",Landslide,1
"Kalimpong, West Bengal",Landslide,2
"Kalka-Shimla Rail Line, 1 Km From Dharampur Railway Station At Tunnel No. 27",Landslide,1
Kalka-Shimla Toy Train Track Near Kaithlighat,Landslide,1
"Kallar, Tamil Nadu",Landslide,1
"Kallarakodi, Ullal, India",Landslide,1
Kalsan Village Near Bagial Dhara,Landslide,1
Kamakhya Temple,Landslide,1
Kamalpur,Earthquake,2
"Kamraj Nagar Slum At Sion-Koliwada, Antop Hill, Mumbai",Landslide,1
Kamrup,Flood,9
Kamrup,Landslide,2
Kamrup / Guwahati,Earthquake,48
"Kamrup District, Assam, India",Landslide,1
Kamrup Metropolitan,Flood,4
"Kamrup, And Sonitpur, Assam",Landslide,1
Kanamala In Erumeli Panchayat,Landslide,1
Kandhamal,Flood,1
"Kandi Canal Project, Gandoh Area, Doda District, Kashmir",Landslide,1
Kandla,Cyclone,1
Kangra,Flood,8
Kangra,Landslide,4
"Kangra,  Himachal Pradesh",Landslide,1
Kangtsung Village,Landslide,1
"Kanipathri(?), Srinagar-Leh Highway, Kashmir",Landslide,1
"Kankumbi, Karnataka",Landslide,1
"Kanlog, Shimla, Himachal Pradesh",Landslide,1
Kanniyakumari,Flood,2
Kannur,Flood,7
Kanpur,Flood,2
Kar?D,Earthquake,1
Kar?Mganj,Earthquake,7
Karaikal,Cyclone,2
"Karakkamandapam, Kerala",Landslide,1
Karbi Anglong,Flood,1
"Karcham, Himachal Pradesh, India",Landslide,1
"Karcham-Sangla Rd, Himachal Pradesh",Landslide,1
Karimnagar,Flood,5
Karimnagar,Landslide,1
"Karmkund(?), On Rishikesh-Gangotri Hwy",Landslide,1
"Karnaprayag, Uttarakhand",Landslide,1
Karnataka Coast,Cyclone,5
"Karnataka Coast, Mangalore",Landslide,1
Karsingsa Block Point,Landslide,1
"Karsog-Rampur Rd, Himachal Pradesh",Landslide,1
Kasaragod,Flood,5
"Kasauli-Parwanoo Rd, Himachal Pradesh",Landslide,1
Kasba,Earthquake,1
"Kashedi Ghat,  Raigad  Maharashtra (Used Raigad Fort For Lat Lon)",Landslide,1
"Kashimir Valley, Jammu And Kashmir",Landslide,1
Kashmaari Village In Solan District,Landslide,1
Kashmir Valley,Earthquake,38
Kashmir-Xinjiang Border,Earthquake,1
"Katare Village, 80 Km From Kalimpong",Landslide,1
Kathua,Flood,2
Kathua,Landslide,1
Kathua-Billawar Road,Landslide,1
Katihar,Flood,1
Kavali,Cyclone,3
"Kaza, Himachal Pradesh",Landslide,1
"Kaza-Kinnaur Highway Near Nako, Spiti Valley, Himachal Pradesh",Landslide,1
"Kazigadi Near Nashik, Maharashtra",Landslide,1
Kaziranga,Flood,1
Kedarnath,Flood,1
Kedarnath,Landslide,1
"Kedarnath (Hindu Shrine), Near Kedarnath Dome (Mountain), Uttarakhand",Landslide,1
Kedarnath Yatra,Landslide,2
Kempty Falls,Landslide,1
Kempty Road Near Kandikhal,Landslide,1
Kempty Road Near Kempty Falls,Landslide,1
Kempty Road Near Sia Village,Landslide,1
Kendrapara,Cyclone,1
Kendrapara,Flood,2
Kendujhar,Flood,2
Kerala,Landslide,1
Kerala Coast,Cyclone,4
Keran,Landslide,1
"Kerseong, Sub-Division, Siliguri District, West Bengal",Landslide,1
"Kerseong, West Bengal",Landslide,1
Kh?Npur,Earthquake,1
"Khadpora(?), Kandi Area(?) On The Outskirts Of The Baramulla Town, Jammu And Kashmir",Landslide,1
Khagaria,Flood,2
"Khahare Khola, Kurseong",Landslide,1
Khammam,Flood,6
Khanater Village Near Poonch,Landslide,1
Khandala Tunnel,Landslide,1
"Khandala, On Mumbai-Pune Expressway",Landslide,1
Khanpora,Landslide,1
Khansahib,Landslide,1
"Khardung La Pass, Leh District",Landslide,1
Kharganjuwa Hill Near Barki Lami Pahar 30Km From Daltonganj,Landslide,1
"Kharghuli Hills, Assam",Landslide,1
"Kharghuli, Guwahati, Assam",Landslide,1
Khargone,Landslide,1
Khawhai,Earthquake,6
Khekra,Earthquake,1
Khem Karan,Earthquake,1
Kheri,Landslide,1
Kheri Near Udhampur,Landslide,1
Kheri S?Mpla,Earthquake,1
"Khindipada Area, Near The Bmc Pipeline At Bhandup-West",Landslide,1
"Khongsang, Tamenglong, Manipur,",Landslide,1
"Khonsa, Arunachal Pradesh",Landslide,1
"Khooni Nullah On The Srinagar-Jammu Highway, Ramban District",Landslide,1
Khordha,Flood,2
Khoupum,Landslide,1
Khunti,Flood,1
Khwas Tehsil Of Rajouri District,Landslide,1
"Kimin-Ziro Road In Papum Pare District, Road Between Doimukh And Sagalee, Doimukh-Hoj Road; Arunachal Pradesh",Landslide,1
Kinnaur,Flood,1
Kinnaur,Landslide,3
Kinnaur / Lahaul Spiti,Earthquake,13
"Kinnaur District, Himachal Pradesh",Landslide,1
"Kiphire,  Nagaland",Landslide,1
Kiphire-Seyochung Road Near Yangzitong Village,Landslide,1
"Kiphire-Tuensang Rd, Nagaland",Landslide,1
Kiri Buru,Earthquake,1
Kishanganj,Earthquake,1
Kishtwar,Landslide,1
"Kishtwar-Chatroo Road, Kishtwar Region Of Jammu And Kashmir",Landslide,1
"Kisima, Nagaland",Landslide,1
"Klibi Patwar, Theog",Landslide,1
Koch Bih?R,Earthquake,1
Kodagu,Flood,2
Kodaikanal,Landslide,1
Kodaikanal-Palani Ghat Road,Landslide,1
"Kodaikanal-Thandigudi(Thandikudi)-Batlagundu Hill Road, Tamil Nadu Province",Landslide,1
Koh?Ma,Earthquake,4
Kohima,Landslide,2
Kohima / Dimapur,Earthquake,2
"Kohima, Nagaland",Landslide,1
"Koide Government High School, Senapati, Manipur",Landslide,1
Kokrajhar,Earthquake,1
Kokrajhar,Flood,2
Kolar,Flood,1
"Kolasib, Saiha, Mizoram,",Landslide,1
Kolhapur,Flood,2
Kolkata,Cyclone,1
Kolkata,Flood,1
Kollam,Flood,5
"Koloriang, Kuring Kumey District, Arunachal Pradesh",Landslide,1
Kon?Rka,Earthquake,1
"Konkan Railway Near Adavli Station, Maharashtra",Landslide,1
Konkan Railway Route In Southern Village Canacona In Goa,Landslide,1
"Konkan Railway Tracks Close To Adavali Station, Ratnagiri, Maharashtra",Landslide,1
"Konkan Railway, Between Sindhudurg And Kudal",Landslide,1
Koppal,Flood,1
Koraput,Flood,1
Korwad Village Of Dharampur Taluka In Valsad District,Landslide,1
"Kot Village Of Tehri District,Â Uttarakhand",Landslide,1
Kota,Flood,4
"Koti Bridge(?), Chamba-Langera-Bhadarwah Border Road Connecting Doda District Of Jammu And Kashmir With Himachal Pradesh",Landslide,1
Koti Railway Station,Landslide,1
Kottayam,Flood,4
Kottayam,Landslide,2
"Kottayam-Kattapana Road, At Ellapara(Elappara) Village, Idukki, Kerala",Landslide,1
Kozhikode,Flood,7
Kozhikode,Landslide,1
Kozhipilly In Velliyamattom Village Under Thodupuzha Taluk,Landslide,1
Krishna,Flood,4
Krishna/Guntur,Cyclone,22
Krishnanagar,Earthquake,1
"Kulamavu Region, Kerala",Landslide,1
"Kulashekara-Konguru Mutt Road (Kongoor Mutt Road) Near Mangaluru Junction-Panambur Railway Line, Near Mangaluru, India",Landslide,1
"Kulgadi, Doda-Kishtwar Highway (Nh-1B)",Landslide,1
Kulgam,Flood,1
Kullan,Landslide,1
Kullu,Flood,4
Kullu,Landslide,5
"Kullu Village(Or District?) Below Agricultural Lands, Himachal Pradesh",Landslide,1
"Kullu, Himachal Pradesh",Landslide,1
Kullu-Anni Highway,Landslide,1
"Kullu-Manali Rd, Himachal Pradesh",Landslide,1
Kullu-Manali-Rohtang,Landslide,1
Kultali,Earthquake,1
"Kumaon, Uttarakhand",Landslide,1
"Kumarhatti-Nahan Road, Himachal Pradesh",Landslide,1
"Kundial Village(?) Or Bopa Pull(?) Of Kashtigarh(Kastigarh )(?) Or Bhogal Village(?), Doda District, Jammu",Landslide,1
"Kunjuthanni, Idukki, Kerala",Landslide,1
Kurla Mumbai,Flood,1
Kurnool,Flood,5
Kurnool,Landslide,1
Kurseong,Landslide,4
Kurseong Sub Division,Landslide,1
"Kurseong Sub Division, Mamring",Landslide,1
"Kurseong Sub-Division, Road Between Kurseong And New Jalpaiguri",Landslide,1
"Kurseong, Darjeeling, West Bengal",Landslide,2
Kutch,Cyclone,2
Kutch,Earthquake,32
Kutch,Flood,1
"Kuthur Â€“ Huker Road Via Y Anner, Chessore, Nagaland",Landslide,1
Kuzhithura-Erannial(Erani)(?) Section Of Nagercoil-Thiruvananthapuram Railway,Landslide,1
Kyelang,Earthquake,8
L?La,Earthquake,2
L?Nja,Earthquake,1
"Lachen, Sikkim",Landslide,1
"Ladakh, Leh",Landslide,1
Laden In Chadoora,Landslide,1
"Laghama(?), Uri Sector, Baramulla District,Jammu And Kashmir",Landslide,1
Lahaul Spiti,Landslide,3
"Laipuitland , Aizawl, Mizoram",Landslide,1
Lakhimpur,Flood,8
"Lakhimpur District, Bihpuria, Assam",Landslide,1
Lakhipur,Earthquake,8
Lakhipur,Landslide,1
Lakhisarai,Flood,1
Lalmati,Landslide,1
Lalunggaon Near Gorchuk Area,Landslide,1
"Lalunggaon, Guwahati,  Assam",Landslide,1
Lambagad,Landslide,1
"Lambagad(?), Rishikesh-Badrinath Highway, Uttarakhand",Landslide,1
Lambagadh,Landslide,1
"Lana Mashoor(?) And Lana Polar(?) And Sewn(?) Villages, Sirmaur District",Landslide,1
"Langthabal Khoupum, Imphal, Manipur",Landslide,1
"Lasumi Village In Phek District, Kohima",Landslide,1
"Latiefabad(?) And Khawar(Kawhar)(?) Hamlets, Sheeri(?) Area, Baramulla District",Landslide,1
Latur,Earthquake,1
Latur,Flood,2
"Lava, Kalimpong",Landslide,1
"Lavasa Near Ekaant Hotel Resort In Davse, Pune District, India",Landslide,1
Lawngtlai,Landslide,1
Legship,Landslide,1
Leh,Earthquake,19
Leh,Flood,1
Leh,Landslide,1
Leh / Kargil,Earthquake,73
"Leh Airport, Ladakh, Jammu And Kashmir",Landslide,1
Leh Ladakh,Flood,1
Lehrakapura Village Near Shamsabad Town,Landslide,1
"Limbu Dhura, Tingling",Landslide,1
"Lohardobha Billage, Dhari, Nainital",Landslide,1
Lohit,Landslide,1
Lohit / Changlang,Earthquake,9
Lohit District Of Arunachal Pradesh,Landslide,1
"Longlem, Nagaland",Landslide,1
"Longsa, Nagaland",Landslide,1
"Lower Chandmari Area, Pwd Department, Kohima, Manipur",Landslide,1
"Lower Majakong Ward, Mokokchung, Nagaland, India",Landslide,1
"Lower Pezielietsie(Tinpati), Kohima, Manipur",Landslide,1
"Lower Shajouba Village Near Tadubi Along Nh 39, Manipur",Landslide,1
Lower Subansiri / Papum Pare,Earthquake,2
Lucknow,Flood,3
Lumding Railway Colony,Earthquake,2
Lumding-Badarpur Section In North Cachar Hills District,Landslide,1
Lunglei,Earthquake,10
Lunglei,Landslide,2
M?Cherla,Earthquake,1
Machilipatnam,Cyclone,5
Madhepura,Flood,2
Madhubani,Flood,1
"Madibag Near Kadwad Village, Uttara Kannada District, North Karnataka",Landslide,1
Madikeri-Mangalore Highway,Landslide,1
Madurai,Flood,1
Magarkote,Landslide,1
Mahabalipuram,Cyclone,2
Mahakali River At Bangabagad,Landslide,1
Maharashta On Konkan Railway Between Nivsur And Ratnagiri,Landslide,1
Maharashtra,Landslide,1
Maharashtra Coast,Cyclone,3
Mahbubnagar,Flood,3
"Mahendra Village, Thana Line, Tingling Garden Village In Mirik",Landslide,1
Mahindra,Landslide,1
Mahur,Earthquake,1
"Maighuli, Guwahati, Meghalaya",Landslide,1
"Main Road Between Gulem And Loliem And Cotigao, At Baddem, Goa, India",Landslide,1
Mainpuri,Flood,1
Majuli,Flood,2
Malappuram,Flood,7
Malappuram,Landslide,1
Malda,Cyclone,1
"Maletha Village, Near Badrinath",Landslide,1
Maligaon,Landslide,1
Malin Village,Landslide,1
"Malin, Pune, Maharashtra",Landslide,1
"Mall Rd, Nainital",Landslide,1
Malla,Landslide,1
"Malla, Uttarkashi, Uttarakhand",Landslide,1
"Malling, Himachal Pradesh",Landslide,1
Malpa,Landslide,2
Malpa Village,Landslide,1
"Malshej Ghat, Maharashtra",Landslide,1
"Malshej Ghat, Maharashtra, India",Landslide,2
"Malutar Tea Estate, Darjeeling, West Bengal",Landslide,1
Man?Li,Earthquake,5
Manali Highway Near Hanogi Temple In Mandi,Landslide,1
Manali Highway Near Shambal Village,Landslide,1
"Manali Kaza-Manali Road Near Kunzum Pass, Spiti Valley, Himachal Pradesh",Landslide,1
Manali-Chandigarh Highway,Landslide,1
Manali-Leh Highway,Landslide,1
"Manali-Leh Highway, Rohtang Pass",Landslide,1
"Manali-Leh Hwy, Kullu",Landslide,1
"Manali-Leh Road, Between Mari And Rohtang",Landslide,1
"Manali-Leh Road, Gulaba Near Rohtang Pass",Landslide,1
"Manali-Leh Road, Rohtang Pass",Landslide,1
"Manali-Rohtang Road, At Raninalah, Himachal Pradesh",Landslide,1
"Manali-Spiti Road Between Gramphu And Chhatru, Himachal Pradesh",Landslide,1
"Mandana(Madana) Village(?), Panchkula-Morni Rd, 20 Km From Panchkula, Haryana",Landslide,1
Mandi,Flood,6
Mandi,Landslide,4
Mandi Belt Along Loc,Landslide,1
Mandi District,Landslide,1
"Mandi Gurdwara, Himachal Pradesh",Landslide,1
"Mandi, Himachal Pradesh,",Landslide,1
"Mandi-Janjheli Road At Odidhar Thunag, Himachal Pradesh",Landslide,1
"Mandi-Kullu Highway In Mandi, Himachal Pradesh",Landslide,1
"Mandi-Pathankot Highway At Gumma In Mandi, Himachal Pradesh",Landslide,1
"Mandi-Pathankot Highway At Paddar, Himachal Pradesh",Landslide,1
"Mandi-Shimla Highway In Mandi, Himachal Pradesh",Landslide,1
Mangalore,Landslide,1
Mangan,Earthquake,3
Manipur,Landslide,1
"Maniyarankudy, Kerala",Landslide,1
"Manjakuttai, Tamil Nadu, India",Landslide,1
Mank?Char,Earthquake,2
Manoharpur,Earthquake,1
"Many Locations Around Namchi, Sikkim",Landslide,1
"Mao In Manipur, Phipema And Chunikhudima In Nagaland",Landslide,1
Maram (80 Km North Of Imphal),Landslide,1
"Maram Area In Senapati District, National Highway 39",Landslide,1
"Maram, Manipur",Landslide,1
"Maram-Purul Road, Karong Assembly Constituency Of Senapati District, Manipur",Landslide,1
"Marayoor In Idukki District, Kerala",Landslide,1
Marhi Region Of Himachal Pradesh,Landslide,1
Marigaon,Flood,4
"Matak Mahari(?), Near Dehradun, Uttarakhand",Landslide,1
"Mathyali Village, Jakhnidhar, Uttarakhand, India",Landslide,1
Mawbah Under Mawprem Area,Landslide,1
"Maya Bar, Thokkottu, India",Landslide,1
Mebua (8 Km From Seppa),Landslide,1
Medak,Flood,3
Medinipur,Flood,1
Medrasula Village Of Madula Panchayat Of Araku Mandal,Landslide,1
Meerut,Flood,1
Meghalaya,Landslide,1
Meghalaya - Assam,Earthquake,1
"Mehaskwal Village, Himachal Pradesh",Landslide,1
"Melli Chalisey, Sikkim",Landslide,1
Meluri Sub-Division In Phek District Of Nagaland,Landslide,1
"Menagarh Near Sukki On Rishikesh Â€“ Gangotri Highway, Uttarakhand",Landslide,1
Mendarda,Earthquake,1
Midnapore,Cyclone,1
Midnapore,Flood,2
"Milimd Nagar Slum, Ghatkopar Area In Suburban Mumbai",Landslide,1
Mirik,Landslide,2
"Miru, Manali-Leh Highway",Landslide,1
Mirzapur,Flood,2
"Mizoram, India",Landslide,1
Moga,Flood,1
Moir?Ng,Earthquake,1
Mokokchung,Landslide,1
Mon,Earthquake,3
"Mon, Nagaland",Landslide,1
"Monkey Hill And Khandala, Maharashtra",Landslide,1
Morena,Flood,1
Morha Kalana Of Panchyat Dhannuparole In Tehsil Ramkot,Landslide,1
Morha-Chuhara Village In Billawar Tehsil,Landslide,1
Morigaon,Earthquake,1
Morigaon,Flood,2
"Mosing Village, Upper Siang District, Arunachal Pradesh",Landslide,1
"Mossing(Mosing) Village(?), Upper Siang District, Arunachal Pradesh",Landslide,1
Mount Abu,Landslide,1
"Mount Abu, Harna Hanuman Temple",Landslide,1
"Muanna Locality, Mizoram",Landslide,1
Mughal Road At Lal Ghulam Pahari (25 Km From Shopian),Landslide,1
Muktsar,Flood,1
"Multiple Places Along 31A, Tarkhola Area In Kalimpong District And Sevoke In Wb",Landslide,1
Mumbai,Flood,2
Mumbai,Landslide,2
Mumbai-Pune Expressway Near Khandala Tunnel,Landslide,1
Mumbai/Raigad,Cyclone,4
"Mundral In Kishtwar District, Jammu And Kashmir",Landslide,1
Munger,Flood,1
Munjur Near Mettupalayam,Landslide,1
"Munnar, Idukki District, Kerala",Landslide,1
"Munsari Tehsil, Uttarakhand",Landslide,1
"Munsyari Area, Pithoragarh, Uttarakhand",Landslide,1
"Murghob, Tajikistan",Earthquake,16
Murshidabad,Flood,1
"Mussoorie, Uttarakhand",Landslide,1
"Mussoorie-Tehri Bypass, Near Landour, Uttarakhand, India",Landslide,1
Muttukadu,Cyclone,1
Muzaffarpur,Flood,2
Naga Gate Along The Ukhrul-Imphal Route,Landslide,1
Nagaon,Flood,6
Nagapattinam,Cyclone,6
Nagarukhra,Earthquake,1
"Nagercoil, Tamil Nadu",Landslide,1
Nagpur,Flood,1
Nahan Roads,Landslide,1
Nainital,Flood,1
Nainital,Landslide,1
"Nainital District, Uttarakhand",Landslide,2
"Nairpara, Kerala",Landslide,1
Najafgarh,Earthquake,1
"Nakham Bazaar, Tura, Meghalaya",Landslide,1
Nalbari,Flood,4
Naldurg,Earthquake,1
Nalgonda,Flood,4
"Naliyani, Near Thodupuzha Town",Landslide,1
Nalupani Area In Uttarkashi District,Landslide,1
"Nalupani Area Of Uttarkashi District, Uttarakhand",Landslide,1
"Nalupani(?), Rishikesh-Gangotri Highway, Uttarkhand",Landslide,1
"Nam Nang, Gangtok",Landslide,1
Nambilnar,Landslide,1
Namchi,Landslide,3
"Namchi To Phongla, Namchi To Melli ,Namchi To Sumbuk",Landslide,1
"Namkaoluang Village, Tamenglong-Sangrung (Khongsang) Road, Nh-53, Manipur",Landslide,1
Nanded,Flood,2
"Nandprayag, Uttarakhand, India",Landslide,1
Nandurbar,Flood,2
"Nanga, Nagaland",Landslide,1
Narakasur,Landslide,1
Narayanpur,Flood,1
"Narendranagar Bypass On The Rishikesh-Gangotri National Highway,Tehri Garhwal District, Uttarakhand, India",Landslide,1
Narmadapuram,Flood,1
"Narundi Area Of Uri, Jammu And Kashmir",Landslide,1
"Narvem-Pilgao Road, Bicholim",Landslide,1
Nashik,Flood,3
Nasik,Flood,1
"Nathang Maong, Sikkim",Landslide,1
"Nathpa Jhulla, Between Rampur And Peo, Kinnaur, Himachal Pradesh",Landslide,1
"Nathpa Village, Kinnaur District, Himachal Pradesh",Landslide,1
"National Highway 109, Uttarakhand",Landslide,1
National Highway 17 Between Karwar And Ankola (,Landslide,1
"National Highway 2 Near Meriema Village, 10 Km Away From Kohima",Landslide,1
"National Highway 2 Near Phesama Village Close To Kisama Naha Heritage Site, Kohima District, Nagaland",Landslide,1
"National Highway 2, Near Kohima, Nagaland, India",Landslide,1
"National Highway 29 Between Patkai Bridge And Kukidolong, Nagaland",Landslide,1
"National Highway 29 Near Phesama Village, Nagaland",Landslide,2
National Highway 31A At Sevoke,Landslide,1
"National Highway 31A Between Rangpo And Tarkhola, In East Sikkim",Landslide,1
National Highway 31A In West Bengal'S Darjeeling District,Landslide,1
"National Highway 31A, Between Singtam And Rangpo",Landslide,1
"National Highway 31A, Darjeeling Hills",Landslide,1
"National Highway 4, Navi Mumbai, Maharashtra",Landslide,1
National Highway 44,Landslide,1
"National Highway 44 At Sunapur And Tongseng In Jaintia Hills District, Eastern Meghalaya",Landslide,1
National Highway 51,Landslide,1
National Highway 53 At Nungba In Tamenglong District Of Manipur,Landslide,1
"National Highway 53, Sinam Khul (Near Kotlen; ~25 Km From Imphal)",Landslide,1
"National Highway 54, At Kawnpui Town",Landslide,1
"National Highway 66, Connecting Kerala And Karnataka",Landslide,1
"National Highway 72-B, Between Paonta Sahib And Sillai, Sirmaur District, Himachal Pradesh",Landslide,1
National Highway At Kuliang,Landslide,1
"National Highway Leading To Gangotri, From Dehradun",Landslide,1
National Highway Leading To Kedarnath,Landslide,1
National Highway Leading To Yamunotri From Dehradun,Landslide,1
National Highway No 44 At Sonarpur In Meghalaya,Landslide,1
"National Highway, 45 Aizwal (Mizoram)",Landslide,1
National Highway-21 Near Rani-Ki-Bain,Landslide,1
"National Highway-39, Dimapur-Imphal Road And Another Under Kiphire District Of Nagaland",Landslide,1
"National Hwy 31A, Birik (Cut Off Sikkim)",Landslide,1
"Natl. Highway 31-A At Pani House(?), Gangtok",Landslide,1
Natonal Highway In Jorabat Area,Landslide,1
Navsari,Flood,1
Naya B?Z?R,Earthquake,1
Nayagarh,Flood,1
"Near A Hill At Puthuvacherry, In Peralassery In Kannur",Landslide,1
"Near Bagri Glacier(?), Gopeswar(Gopeshwar), Chamoli District, Uttarakhand",Landslide,1
"Near Changu Lake, 15Km Away From Nathu La, On India-China Border In Eastern Sikkim",Landslide,1
"Near Chausali Village(?), Almora District, Uttarakhand",Landslide,1
"Near Devprayag, Rishikesh-Badrinath Hwy,",Landslide,1
"Near Digdol, Jammu-Srinagar Hwy, Jammu And Kashmir",Landslide,1
"Near Himkoti(?), On Road To Bhawan(Vaishno Devi Temple) At Katra, Jammu And Kashmir",Landslide,1
Near Kalijhora,Landslide,1
"Near Kuloor Church, In Manipur Along National Highway",Landslide,1
Near Meeru On Chulling-Tapri Road,Landslide,1
"Near Mohand, Dehradun-Delhi Hwy, Uttar Pradesh",Landslide,1
"Near Mt. Kamet And Ghastoli Village, Near Mana Pass, Chamoli District, Uttarakhand",Landslide,1
Near Nivar Station In The Ratnagiri District Of Maharashtra,Landslide,1
"Near Panthal, Between Ramban And Ramsu(?), On Jammu-Srinagar Hwy, Jammu And Kashmir",Landslide,1
"Near Rahni Nullah(?), On Manali-Rohtang Hwy, Himachal Pradesh",Landslide,1
"Near Ramban, Jammu-Srinagar Hwy, Jammu And Kashmir",Landslide,1
"Near Rampur, Himachal Pradesh",Landslide,1
"Near Rohtang Pass, Manali-Keylong Rd, Himachal Pradesh",Landslide,1
Near S Lamphei Lamkhai And Sehlon Village,Landslide,1
"Near Sevok(Sevoke), Highway 31A To Sikkimand Kalimpong, Hatisura(?), Darjeeling",Landslide,1
"Near Solan, Kalka-Shimla Hwy, Himachal Pradesh",Landslide,1
Near The Rohini-Sirubari Road,Landslide,1
"Near Tuichang(?) On Tuichang River, Aizawl-Champhai Rd, Mizoram",Landslide,1
"Near Tuivawl(?), Aizawl-Champhai Rd, Aizawl District, Mizoram",Landslide,1
Neem Ka Thana,Earthquake,1
"Nehrukund In Manali, Himachal Pradesh",Landslide,1
Nellore,Cyclone,3
Nellore,Flood,1
Nellore/Spsr,Cyclone,22
"Netali Maneri Marg, Uttarkashi District, Uttarakhand",Landslide,1
New Friends Colony,Landslide,1
"New Land (""""New Colony"""")",Landslide,1
New Mhada Complex In Dindoshi,Landslide,1
"Ney Village, Ladakh, Jammu And Kashmir",Landslide,1
"Ngur, Near Mizoram-Myanmar Border, India",Landslide,1
"Nh 10 Between Coronation Bridge And Sevoke Kalibari, West Bengal, India",Landslide,1
"Nh 13 10 Kilometers From Old Ziro, Arunachal Pradesh, India",Landslide,1
"Nh 22, Kinnaur District",Landslide,1
"Nh 31A At Likhuvir(?), Near Teesta Bazar, 42Nd Km Marker(?), Kalimpong, West Bengal Cutting Off Sikkim And Kalimpong",Landslide,1
Nh 37,Landslide,1
Nh 37 At Awang Khulâ,Landslide,1
"Nh 39 At Kigwema(?), Between Mao Gate And Kohima, Nagaland",Landslide,1
"Nh 5 Near Rampur, Uttar Pradesh, India",Landslide,1
Nh 66 At Mudaga,Landslide,1
Nh 88,Landslide,1
Nh-05 Near Chaura Village,Landslide,1
"Nh-10, Sepi Jhora, Kalimpong",Landslide,1
"Nh-17, Panaji To Mapusa On Old Mandovi Bridge, Goa",Landslide,1
"Nh-1A, 7Km From Srinigar",Landslide,1
Nh-2 Between Senapati And Mao,Landslide,1
"Nh-22 Between Rampur And Recong-Peo(Reckong Peo), Himachal Pradesh",Landslide,1
"Nh-22 Beyond Recong-Peo(Reckong Peo),  Himachal Pradesh",Landslide,1
Nh-22 Near Taradevi,Landslide,1
"Nh-31A At Topakhani Tunnel(?) And Fruit Preservation Factory(?) And Chisopani Bridge(?), Near Singtam And Gangtok And Rangpo, Sikkim",Landslide,1
"Nh-39 At Ekai Village(?), 2 Km For Tadubi, Manipur",Landslide,1
"Nh-39 At Imphal-Moreh Section, Lokchao Largest Event",Landslide,1
"Nh-39 At Piphema,  6 Km Towards Dimapur From Kohima In Nagaland",Landslide,1
"Nh-39 At Tobio Village(?), 7 Km Form Tadubi, Manipur",Landslide,1
"Nh-39 In Karong Area, Manipur",Landslide,1
"Nh-39 Near Khongnem(?) Village, Between Imphal And Dimapur, Manipur",Landslide,1
"Nh-39 Near Kohima Municipality Council(Kmc) Dumping Ground, Between Zubza(Sechu) And Kohima, Nagaland",Landslide,1
"Nh-53 At Nungba Police Station, Kambirong(?), Manipur",Landslide,1
Nh-55 At Merry Villa,Landslide,1
Nh-61 Between Botsa And Chiechama,Landslide,1
"Nh-61, 1 Km Before Reaching Botsa",Landslide,1
Nh-62 At Sibbari,Landslide,1
"Nh-87 Near Naintital, Uttarakhand",Landslide,1
Nh10 In Rangpo,Landslide,1
"Nh31A, Mile 27 Near Rambi",Landslide,1
"Nh44, Kuliang",Landslide,1
"Nh44, Malidhor Area,  Baleswar",Landslide,1
Nh55 At Tindharia,Landslide,1
"Nh6, Sambalpur Town Before Mahanadi Bridge",Landslide,1
Nicobar,Earthquake,150
"Nilachal Hill, Guwahati, Assam",Landslide,1
"Nilambur, Malappuram, Kerala State",Landslide,1
Nilanga,Earthquake,2
Nilgiri Mountain Rail'S Barliar-Coonoor Sector,Landslide,1
Nilgiri Mountain Rail'S Mettupalayam-Kallar Sectors,Landslide,1
"Nilgiri, Nondimedu On The Ooty-Coonoor Road",Landslide,1
Nilgiris,Landslide,1
"Nimoo(Nimu)(Nimmoo) Village, Leh, Ladakh, Jammu And Kashmir",Landslide,1
"Nirgaddu About 4 Km From Tapovan On Rishikesh - Badrinath Route, Uttarakhand",Landslide,1
Nivsar Area,Landslide,1
"Nivsar, Maharashtra",Landslide,1
Nizamabad,Flood,4
"Noklak-Tuensang Road, Nagaland",Landslide,1
Noney,Landslide,1
Nongstoin,Earthquake,7
Nongstoin,Landslide,2
Noonmati,Landslide,1
"Noonmati Nijarapar Area Of The City, Guwahati, Assam, India",Landslide,1
"Noonmati, Guwahati, Assam, India",Landslide,1
North & Middle Andaman,Earthquake,187
North Lakhimpur,Landslide,1
"North Point Colony, Akuluto, Nagaland, India",Landslide,1
"North Sikkiim Highway, Periphery Of Gangtok, Sikkim East District",Landslide,1
North Sikkim,Earthquake,1
North Sikkim,Landslide,3
"North Skkimm Hwy Between, Chungthang And Mangan, North Skimm (9 Landslides)",Landslide,1
North Vanlaiphai,Earthquake,2
Northwestern Kashmir,Earthquake,2
Num?Ligarh,Earthquake,2
Nungba,Landslide,1
"Nungba, Tamenglong, Manipur",Landslide,1
"Nuranoo, Uttarkashi, Uttarakhand",Landslide,1
"Nursery, North Guwahati, Guwahati, Assam,",Landslide,1
Odisha Coast,Cyclone,99
"Old Inspection Bungalow, Bhalukpong Town, West Kameng, Arunachal Pradesh, India",Landslide,1
"Old Monastery Road, Ghum",Landslide,1
On Circular Road Near Panjtirthi,Landslide,1
"On Road Between Mon And Tobu Near Telangsao Hydro Project , Nagaland, India",Landslide,1
On The Manali Highway Near Mandi,Landslide,1
Ongole,Cyclone,1
Ooty,Landslide,1
"Ooty And Coonoor, Tamil Nadu",Landslide,1
"Ooty, India",Landslide,1
Osmanabad,Flood,2
Osmanabad,Landslide,1
P?Palkoti,Earthquake,1
P?Sigh?T,Earthquake,8
Padam,Earthquake,4
Paddhari,Earthquake,1
"Padil, Nh - 48",Landslide,1
Padmavathy Nagar In West Velachery,Landslide,1
"Paglanala Village, Dholai Block, Near Dwarbandh Locality Of The District, Cachar District (Could Only Find District) 45 Km From Silchar, Assam",Landslide,1
Pahalgam,Landslide,1
Paharpurâ Locality Inâ Koderma,Landslide,1
"Painavu, Kerala",Landslide,1
"Paingottoor, Kerala,",Landslide,1
Pal?Sb?Ri,Earthquake,2
Palakkad,Flood,5
"Palani, Dindigul District",Landslide,1
"Palani-Kodaikanal Ghat Road, Kodaikanal",Landslide,1
"Pallippady In Koruthode Panchayat, Cholathadam In Poonjar Thekkekkara Pallippady In Koruthode Panchayat And Cholathadam In Poonjar Thekkekkara Panchayat",Landslide,1
"Palomala, Thaland",Landslide,1
Pamohi,Landslide,1
Panch Mahals,Flood,1
"Pangi, Nh-22, Himachal Pradesh",Landslide,1
"Pangthang, On Road B/T Gangtok And North Sikkim",Landslide,1
Panikikata Hill,Landslide,1
Panjarpol On The Eastern Freeway,Landslide,1
Pankhabari And Rohini Routes In Kurseong,Landslide,1
Panna,Flood,1
"Panthal Area, Ramban District, Kashmir",Landslide,1
Panthal In Jammuâ€™S Ramban District On Srinagar-Jammu Highway,Landslide,1
"Panthal In Ramban District, National Highway 1; 174 Km From Jammu",Landslide,1
"Panthal, Jammu-Srinagar National Highway, Between Kashmir And The Rest Of The Country",Landslide,1
"Panthial, 170 Kilometres From Jammu, Jammu-Srinagar Highway",Landslide,1
"Panthihal Near Ramban,  Srinagar-Jammu Highway",Landslide,1
"Panthihal, Srinagar-Jammu Highway",Landslide,1
Papum Pare,Landslide,2
Paradeep,Cyclone,1
Paradip,Cyclone,3
Parbhani,Flood,1
"Parimal Underpass Near Juta Bazaar, Ahmedabad, Gujrat State",Landslide,1
"Parmandal, Jammu",Landslide,1
Parsad On Nh-8,Landslide,1
"Parsik Tunnel Between Thane And Kalyan Railway Stations, India",Landslide,1
"Parsik/ Nutan Tunnel On Central Rail, Near Diva, Mumbai, India",Landslide,1
Paschim Medinipur / Bankura,Earthquake,1
Pasighat,Flood,1
Patan,Flood,1
"Patan, Baramulla District",Landslide,1
Pathanamthitta,Flood,6
"Patlot-Aghora Road, Almora District",Landslide,1
Patna,Flood,7
Patna / Gaya,Earthquake,1
Pauri District Of Uttarakhand,Landslide,1
Pauri Garhwal,Landslide,1
"Pauri-Safdarkhal Road, Blocked At Khundadhar",Landslide,1
"Peermade(Pä«Rmed), Idukki District, Kerala",Landslide,1
"Periyanmala, Kottayam District, Kerala, India",Landslide,1
"Pernem, Goa",Landslide,1
"Peruvai-Kadengodlu Rd(?) Between Vittal And Manila(Mani?), Bantwal Tuluk, Karnataka",Landslide,1
"Phagutar Near Mahanadi, 12Km From Kurseong, Siliguri District, Darjeeling",Landslide,1
"Phase-Iii, Sector 5, New Shimla",Landslide,1
"Phc Cansaulim, Goa, India",Landslide,1
Phek,Earthquake,71
Phek,Landslide,2
"Phek, Manipur",Landslide,1
Phesama,Landslide,1
Phesama Village,Landslide,1
Phesema Area At National Highway 39,Landslide,1
"Phizo, Nagaland",Landslide,1
Phulbani,Flood,1
Phullenâ€™S Main Road,Landslide,1
Phungyar Road,Landslide,1
"Phyang Village, Leh, Ladakh, Jammu And Kashmir",Landslide,1
Pilgao-Narvem,Landslide,1
Pitampura,Earthquake,1
"Pithauragadh, Uttarakhand",Landslide,1
Pithoragarh,Earthquake,7
Pithoragarh,Flood,1
Pithoragarh,Landslide,8
Pithoragarh / Bageshwar,Earthquake,25
Pithoragarh District,Landslide,1
"Pithoragarh District, Uttarakhand",Landslide,1
"Pithoragarh Tehsil, Uttarakhand",Landslide,1
"Pithoragarh-Ghatiabgarh Road, Uttarakhand",Landslide,1
"Piyali Phukan Nagar, Guwahati, India",Landslide,1
Pokaran,Earthquake,1
"Police Cid Complex(?), Shillong, Meghalaya",Landslide,1
"Polo River At Polosang, Arunachal Pradesh",Landslide,1
Pomendi Cutting Near Ratnagiri,Landslide,1
"Pomendi Hill(?), Goa-Mumbai Konkan Railway, Both Sides Of Ratnagiri, Maharashtra",Landslide,1
Pondicherry,Cyclone,1
"Ponsuli, Goa",Landslide,1
"Poochapra(?), Near Thodupuzha, Kattappana, Kerala",Landslide,1
Poonch,Landslide,2
Poonch District,Landslide,1
"Poonch, Kashmir",Landslide,1
Porbandar,Cyclone,2
Porbandar/Junagadh,Cyclone,4
"Portions Of Nh 39, Connectin Manipur With Assam Via Nagaland",Landslide,1
"Poshiana, 27 Km Point Of Road From Bafliaz",Landslide,1
Power Lines 5 Km From Kohima,Landslide,1
Prakasam,Landslide,1
"Press Colony, Near Taradevi, Himachal Pradesh",Landslide,1
"Pub Sarania Hill, South Sarania, Guwahati, Assam, India",Landslide,1
"Puddipadi, Kozhikode, Kerala",Landslide,1
Puducherry,Flood,1
"Pulbhal(?)-Solan Rd, Himachal Pradesh",Landslide,1
"Pulloorampara, Kerala",Landslide,1
"Pullupara, Perunanthanam, Kerala",Landslide,1
Pulwama,Flood,3
Pune,Flood,3
"Purba Simna, Tripura",Landslide,1
Purbi Singhbhum,Flood,1
Puri,Cyclone,2
Puri,Flood,1
Puri/Jagatsinghpur,Cyclone,138
Purnia,Flood,1
"Pushkum In Kargil, Kashmir",Landslide,1
Putupadal Gram Panchayat In Nuagada Block,Landslide,1
"Quaritok, Uttarkashi, Uttarakhand",Landslide,1
R?Jgarh,Earthquake,1
R?Mgarh,Earthquake,1
R?Mnagar,Earthquake,1
R?Ngas,Earthquake,1
R?Par,Earthquake,8
Rabale,Landslide,1
Rahimatpur,Earthquake,2
Rahni,Landslide,1
Raichur,Flood,5
"Raigad District, Maharashtra",Landslide,1
"Raigad Fort, Raigad Fort Natural Reserve, Maharashtra, India",Landslide,1
"Rail Line Between Mulanthuruthy And Piravom Near Mulanthruth, Kerala",Landslide,1
"Railroad Between Chimidipalli And Borra Caves Stations, Andhra Pradesh",Landslide,1
Rails Between Amdalli(?) And Near Thodor(Todur) Stations Bordering Ankola And Karwar Talukas In Uttar Kanara District Of Neighbouring Karnataka,Landslide,1
"Rails Between Jatinga And Longrangjao(?), Assam",Landslide,1
"Rails Between Mahur And Wadringdisa(?), Assam",Landslide,1
"Railway Between Koraput And Rayagada In Odisha, India",Landslide,1
Railway Tracks Between Dumriput And Damanjodi,Landslide,1
"Railway Tunnel A Few Kilometres From The Haridwar Railway Station, Between Haridwar And Dehradun, Uttarakhand, India",Landslide,1
Raipur,Flood,1
Raipur / Durg,Earthquake,1
"Raj Bhavan Guwahati, Assam",Landslide,1
Rajahmundry,Flood,5
Rajapur-Vaibhavwadi Section Of The Konkan Railway,Landslide,1
"Rajeev Nagar(?) Or Narayan Nagar, Asalfa Village, Between Ghatkopar And Saki Naka Area, Somewhere Near Lal Bahadur Shastri, Andheri Suburb. Mumbai Urban Center,",Landslide,1
"Rajgarh-Habban Road, Himachal Pradesh",Landslide,1
Rajkot,Flood,1
Rajnandgaon,Flood,2
Rajouri,Flood,1
Rajouri,Landslide,2
Rakh Batla Belt In Udhampur,Landslide,1
Rakha Jaganoo,Landslide,1
Ramanathapuram,Cyclone,2
Ramanathapuram/Thanjavur,Cyclone,10
Ramban,Flood,1
Ramban,Landslide,4
Ramban District,Landslide,1
Ramban District Of Jammu And Kashmir,Landslide,1
"Ramban District, Kashmir",Landslide,1
"Ramban District, Srinagar-Jammu Highway (Khooni Nallah, Higni And Panthal)",Landslide,1
"Ramban, Kashmir",Landslide,1
"Ramban, Near Sringar-Jammu Highway",Landslide,1
"Rambara District, Uttarakhand",Landslide,1
"Ramchandi , Hailakandi District, Assam, India",Landslide,1
Ramgarh,Flood,1
Ramnagar Railway Station,Landslide,1
Ramsoo Area Of Ramban District,Landslide,1
Ramsu,Landslide,1
"Ranachatti(?), On Road To Yamunotri",Landslide,1
"Ranachatti(?), Route To Yamunotri, Garwhal Division, Uttarakhand",Landslide,1
Ranchi,Flood,2
Ranchi / Dhanbad,Earthquake,1
Rang?P?Ra,Earthquake,2
Rangareddy,Flood,1
"Rangiabong (Jorbungalow), Darjeeling, West Bengal",Landslide,1
Rangpo,Landslide,1
"Ranka, Sikkim And Louing Road",Landslide,1
Ratacherra,Landslide,1
"Ratacherra Village Along The Nh-44 Connecting To Barak Valley In Assam And Tripura, Meghalaya, Mizoramon",Landslide,1
Ratnagiri,Cyclone,1
Ratnagiri,Earthquake,26
Ratnagiri,Flood,1
Ratnagiri,Landslide,2
Rayagada,Flood,1
"Rayagada, Odisha",Landslide,1
Reasi,Flood,2
Reasi,Landslide,1
"Reasi District, Jammu And Kashmir",Landslide,1
"Reasi, Kashmir",Landslide,1
Rengpeth Village,Landslide,1
"Reshi Mohalla, Tangmarg",Landslide,1
Rewa,Flood,2
Rhodong Village Near Rhey In East Sikkim,Landslide,1
Riasi District Of Jammu And Kashmir,Landslide,1
"Rimbik, Darjeeling, West Bengal State, India",Landslide,1
Rishikesh,Landslide,1
Rishikesh- Gangotri National Highway In Maneri Area Of Uttarkashi District,Landslide,1
Rishikesh-Badrinath Highway Near Kaleshwar,Landslide,1
"Rishikesh-Badrinath Highway, Uttarakhand",Landslide,1
"Rishikesh-Badrinath Hwy., Near Sirobgarh(Sirobagad), Rudraprayag District, Uttarakhand",Landslide,1
Rishikesh-Badrinath National Highway Near Joshimath,Landslide,1
"Rishikesh-Badrinath National Highway To Rudraprayag, Chamoli, And Badrinath, Uttarakhand",Landslide,1
Rishikesh-Gangotri Highway,Landslide,1
Rishikesh-Gangotri Highway Near Dharasu-Nalupani,Landslide,1
"Rishikesh-Gangotri National Highway Near Mari Sainji Village, Uttarkashi, Uttarakhand",Landslide,1
"Rishikesh-Joshimath-Mana Road, Uttarakhand",Landslide,1
"Rishikesh-Kedarnath National Highway, Sirobagad",Landslide,1
"Rishikesh-Uttarkashi Route, Uttarakhand",Landslide,1
Rishkesh-Yamunotri Highway,Landslide,1
"Road Between Haflong And Lanka, Assam",Landslide,1
"Road Between Halfong And Redzol(?) Or Silchar, Assam",Landslide,1
"Road Between Rajouri(Rajauri) And Poonch(Punch), Jammu And Kashmir",Landslide,1
"Road Between Srinagar And Muzaffarabad Near Kaman Post In Baramulla District, Kashmir",Landslide,1
"Road From Other Districts To Hawai(Tawai?) Which Is  On Lojit River, Near Hayuliang,  Anjaw District, Arunachal Pradesh",Landslide,1
"Road From Pinjore(Pinjaur), Haryana To Nalagarh, Himachal Pradesh",Landslide,1
"Road Leading To Patala Ganga And The Ropeway In Srisailam, Andhra Pradesh, India",Landslide,1
Road Linking Sangla Valley With Recong-Peo Of Kinnaur District  At Kupaa,Landslide,1
"Road Near Manali, Kullu",Landslide,1
"Road Near Saverikadu Village(?), Between Palani And Kodaikanal, Tamil Nadu Province",Landslide,1
Road Near Tipri To Kedarnath,Landslide,1
"Road Stretch From Gammom To Chamu Village, Under Kamjong Block, Ukhrul District, Manipur",Landslide,1
"Road To Badrinath Shrine, Uttarakhand",Landslide,1
"Road To Chopal, Himachal Pradesh",Landslide,1
"Road To Kanan Veng From Hunthar Veng, Mizoram",Landslide,1
"Road To Manali, Himachal Pradesh",Landslide,1
"Road To Muanna Godown, Zuangtui, Mizoram",Landslide,1
"Road To Oting Near Longlam Village, 13 Km From Tizit Subdivision, Mon District, Nagaland",Landslide,1
"Road To Sangla And Bhaba And Sorang(?) Valleys, Kinnaur, Himachal Pradesh",Landslide,1
"Road To Sangla Valley, Near Kupa Village, Kinnaur District, Himachal Pradesh",Landslide,1
"Road To Shivpur(Shivpuri), Pauri Garhwal District, Uttarakhand",Landslide,1
"Road To Yamunotri Shrine, Uttarakashi",Landslide,1
"Roads Above Pithoragarh, Uttranchal",Landslide,1
"Roads Around Uttarkashi, Uttarakhand",Landslide,1
"Roads Between Jubbal And Rohru, Shimla, Himachal Pradesh",Landslide,1
"Roads Between Sunnu Pal And Chail, Himachal Pradesh",Landslide,1
"Roads Between Tamei(Tamma?), Kangpokpi And Chalwa, Manipur",Landslide,1
Roads From Manali To Rohtang Pass,Landslide,1
"Roads To Gangotri, Uttarakhand",Landslide,1
"Roads To Manali, Himachal Pradesh",Landslide,1
"Roads To Rani Khet(Ranikhet) And Jolle Kote(?), Uttarakhand",Landslide,1
"Rohru,Theog And Chopal Sub-Divisions, Shimla, Himachal Pradesh",Landslide,1
"Rohru-Shimla Road At Dochi, Himachal Pradesh",Landslide,1
Rohtak,Earthquake,2
"Rolep, South Sikkim( Mapping To Rhenock 12 Miles From Rolep)",Landslide,1
Rongpur Village Under Bhairabhnagar Panchayat In Karimganj District,Landslide,1
"Rongthragittim Songittal Village, Near Sibbari, South Garo Hills District, Meghalaya, India",Landslide,1
Rudraprayag,Landslide,11
"Rudraprayag, Rishikesh-Badrinath Hwy",Landslide,1
"Rudraprayag, Uttarakhand",Landslide,1
"Rudraprayag-Gaurikund Road, Uttarakhand",Landslide,1
Ruldu Bhatta Locality Near Lakkar Bazaar,Landslide,1
Rumtse Along The Manali-Leh Highwa,Landslide,1
Rupnagar,Flood,1
"Ruzapfu Valley, Kikruma Village, Phek District, Nagaland",Landslide,1
S?Dri,Earthquake,1
Sabar Kantha,Flood,1
Sabroom,Landslide,1
"Sabu(Saboo) Village, Leh, Ladakh, Jammu And Kashmir",Landslide,1
Saddal Village In Pancheri Block,Landslide,1
Sagar / Jabalpur,Earthquake,2
Sagar Island,Cyclone,2
Saharsa,Flood,2
"Sahong, Tabu And Pani Village Under Tadubi Police Station Of Senapati District, Nh-39",Landslide,1
Saiha,Earthquake,13
Saiha,Landslide,1
Sailam Village,Landslide,1
"Sainath Stone Quarry, Rikunda Village, Turbhe, Navi Mumbai, Maharashtra",Landslide,1
"Sainj, Rishikesh-Gangotri National Highway",Landslide,1
"Saki Naka In Andheri Area, Mumbai Suburb/Slum (Sakinaka Is Around 23 Miles (35 Kilometers) From Downtown Mumbai)",Landslide,1
Salem - Yercaud Ghat Road,Landslide,1
"Salut, Almora, Uttarakhand",Landslide,1
Sam?Lkha,Earthquake,1
Samastipur,Flood,3
"Samathang, Sikkim",Landslide,1
Sambalpur,Flood,2
"Samkot Village Of Pithoragarhi, Uttarakhand",Landslide,1
"Samroli, Udhampur District, Kashmir",Landslide,2
"Samroli, Udhampur District,Â Kashmir",Landslide,1
Sanasar Area Of District Ramban,Landslide,1
Sandrathi Village Of Munsiyari Block Of Pithoragarh District,Landslide,1
Sangli,Flood,1
Sangrur,Flood,1
Sanjeevinagar Area,Landslide,1
"Sanjiote Near Poonch, Kashmir",Landslide,1
Sar?Han,Earthquake,1
Saran,Flood,1
Saran (Chhapra),Flood,1
"Sarania Hills, North Guwahati, Guwahati, Assam,",Landslide,1
"Saraswati Shishu Mandir School(?), Sumgarh(Sumgad) Village(?), Bageshwar-Pindari Glacier Rd 45 Km From Bageshwar, Kapkot, Bageshwar, Uttarakhand",Landslide,1
Sarupathar,Earthquake,26
"Satgarakul Village, Karimganj, Assam State",Landslide,1
Satpuli-Kanskhet Road In Pauri Garhwal District,Landslide,1
Saurashtra,Cyclone,1
Sawai Madhopur,Flood,1
Second Hairpin Bend Near Varattupallam,Landslide,1
Sehore,Flood,1
Senam,Landslide,1
Senapati,Landslide,2
"Senapati, Manipur",Landslide,1
Sendhwa,Earthquake,1
Seoni,Earthquake,1
Seoni,Flood,1
Serchh?P,Earthquake,2
Serchhip,Landslide,1
Seri In Ramban Along Jammu-Srinagar National Highway,Landslide,1
"Seri, Ramban",Landslide,1
Several Roads In Uttarakhand,Landslide,1
"Sevoke, 20Km From Siliguri, North Eastern, India (Highway Nh31A:Coronation Bridge To The Sevoke Police Outpost Section Blocked)",Landslide,1
"Sewri(?), New Shivaji Nagar, Mumbai",Landslide,1
Sh?Hpur,Earthquake,1
Shahjahanpur,Flood,1
"Shakthinagar, Mangalore",Landslide,1
"Shakti Nagar, New Delhi",Landslide,1
"Shanna(?), Jammu Province",Landslide,1
"Shantinagar, Ponda",Landslide,1
"Shatani Nallah, Ramban District",Landslide,1
"Shayoung Ward(?), Longleng, Nagaland",Landslide,1
"Sheroora-Subardhar Village,15 Km From Bhadarwah Town",Landslide,1
"Shetani Nallah(?), Jammu-Srinagar National Highway, Jammu And Kashmir",Landslide,1
"Shetidhar Peak, Himachal Pradesh",Landslide,1
Shi Yomi,Earthquake,11
Shi Yomi / Upper Siang,Earthquake,12
Shillong,Earthquake,1
Shillong Road At Kuliang In The Jaintia Hills,Landslide,1
"Shillong, Meghalaya, India",Landslide,1
Shillong-Jowai(Jwai)-Badarpur National Highway(Nh 44) At Sunapur Village In Jaintia Hills District,Landslide,1
Shimla,Earthquake,7
Shimla,Flood,7
Shimla,Landslide,2
Shimla District,Landslide,1
"Shimla District, Himachal Pradesh",Landslide,1
"Shimla, Mandi, Solan And Sirmaur Districts",Landslide,1
Shimla-Kalka National Highway Near Shoghi,Landslide,1
"Shimla-Nahan Highway, Dosarka, Himachal Pradesh",Landslide,1
Shirpora,Landslide,1
"Shivpuri, Rishikesh-Badrinath Hwy",Landslide,1
Shopian District,Landslide,1
Shravasti,Flood,1
Sibsagar / Jorhat,Earthquake,53
"Sikkim, 13 Km North Of Gangtok",Landslide,1
"Silchar-Haflong Rd., At Reko(Rekha )(?), Near Harangajao, Barail Hills, Assam",Landslide,1
"Simhagiri Colony, Azeemabad, Pedagantyada, Visakhapatnam, Andhra Pradesh, India",Landslide,1
"Singamari, Darhelling, West Bengal",Landslide,1
Singrauli,Earthquake,1
Singtam,Landslide,1
"Singtam-Mangan Rd, Sikkim",Landslide,1
Sirmaur,Flood,3
"Sirmaur District, Himachal Pradesh",Landslide,2
"Sirmaur, Himachal Pradesh,",Landslide,1
Sirobagad Area Of Rudraprayag,Landslide,1
"Sirobagad, Rishikesh-Badrinath Highway",Landslide,1
"Sirobhgarh Bend, Srinagar-Rudraprayag Highway, Uttarakhand, Northern India",Landslide,1
Sitamarhi,Flood,1
Sitapur,Flood,2
"Siund - Neuli Rd, Neuli Shanshar, Himachal Pradesh 175123",Landslide,1
Sivasagar,Flood,3
Solan,Flood,1
Solan,Landslide,1
Solan Roads,Landslide,1
"Solan, Himachal Pradesh,",Landslide,1
Solapur,Flood,1
"Solva, Raia",Landslide,1
"Sombaria, West Sikkim",Landslide,1
"Sonabai Niwas(?), Kalwa, Mumbai",Landslide,1
"Sonachirra, Karimganj District, Assam, India",Landslide,1
"Sonaighuli Area Near Kahilipara, Guwahati City, Assam",Landslide,1
Sonepur,Flood,1
Sonitpur,Flood,4
"Sonprayag, Uttarakhand",Landslide,1
"Sonrigund Malangpora, Pulwama",Landslide,1
South 24 Parganas,Flood,1
South 24 Parganas/Sundarbans,Cyclone,3
South Andaman,Earthquake,210
South Of Kashmir,Landslide,1
South West Garo Hills,Landslide,1
Spiti,Landslide,1
"Spiti Valley, Himachal Pradesh",Landslide,1
"Srawan Village(?), Batote-Doda-Kishtwar Road, Kishtwar District",Landslide,1
Srikakulam,Cyclone,4
Srikakulam,Flood,1
Srikakulam Coast,Cyclone,1
Srinagar,Flood,2
Srinagar Muzafarabad Road,Landslide,1
"Srinagar-Garhwal Area Of Pauri District, Uttarakhand, Uttranchal",Landslide,1
"Srinagar-Jammu Highway Near Asar, Doda And Kishtwar Districts",Landslide,1
"Srinagar-Jammu Highway, Ramban District",Landslide,1
"Srinagar-Jammu Highway, Ramban, Jammu",Landslide,1
"Srinagar-Jammu Highway, RäMban District",Landslide,1
"Srinagar-Jammu Hwy, Between Sheeri And Banihal,  Jammu And Kashmir(Midpoint)",Landslide,1
Srinagar-Jammu National Highway,Landslide,1
"Srinagar-Jammu Natl. Hwy., At Digdole(Digdol)(9 Km South Of Panthal), Srinagar, Jammu And Kashmir",Landslide,1
"Srinagar-Jammu Natl. Hwy., At Panthal, Srinagar, Jammu And Kashmir",Landslide,1
Srinagar-Leh Highway At Gomri,Landslide,1
"Srinagar-Leh Highway In Shutkady Near Sonamarg, Ganderbal District, Jammu And Kashmir, India",Landslide,1
"Srinagar-Leh National Highway, Captain Mode, Kashmir Valley",Landslide,1
Srinagar-Muzaffarabad Road Near Dankhan Area In Baramulla,Landslide,1
"Srinigar-Jammu Highway, Gangroo, Udhampur",Landslide,1
Srinigar-Ladakh Highway,Landslide,1
"St Inez Construction Site, Panaji",Landslide,1
"St Mary'S Hill, 3 Km From Kurseong, West Bengal",Landslide,1
Subarnapur,Flood,2
Sukhiapokhari,Landslide,1
Sukhidhang Area Of Champawat District In Uttarakhand,Landslide,1
"Sunali, Uttarakhand",Landslide,1
Sundarbans,Cyclone,1
Sundargarh,Earthquake,1
Sundargarh / Jharsuguda,Earthquake,1
Sundarnagar,Earthquake,3
Supaul,Flood,4
Surankote In Jammu And Kashmir,Landslide,1
Surat,Cyclone,1
Surat,Flood,4
Surat / Bharuch,Earthquake,1
Surjan Village In Bani Mountainous Belt In Kathua District (,Landslide,1
"Suruhuto Town, Nagaland",Landslide,1
"Taithu Village, Churanchandpur District, Mizoram, Manipur",Landslide,1
"Takdah, West Bengal",Landslide,1
Talakebail In Vajralli Gram Panchayat In Yellapur,Landslide,1
"Taloda, Nandurbar, Maharashtra",Landslide,1
Tamabong Village In Sikkim State,Landslide,1
Tamei Constituency In Tamenlong District,Landslide,1
"Tamei, Tamenglong District On Imphal-Tamenglong (It) Road",Landslide,1
Tamenglong,Landslide,3
Tamenglong Ward No-Iv,Landslide,1
"Tamenglong, Manipur",Landslide,1
"Tamenglong- Khongsang Road, Manipur",Landslide,1
Tamil Nadu Coast,Cyclone,92
"Tanakupur-Pitoragarh Highway, Kumaon(Kumaun) Region, Uttarakhand",Landslide,1
Tapi,Flood,1
"Tapri Near Rekong Peo, Kinnaur District",Landslide,1
Tarn Taran,Flood,1
"Tathangchen, Gangtok, Sikkim",Landslide,1
Tawang,Earthquake,3
Tawang,Flood,1
"Tawang Monastery, Arunachal Pradesh",Landslide,1
"Tawang, Arunachal Pradesh",Landslide,1
"Tawari Bridge, Chamba District Of Himachal Pradesh",Landslide,1
"Techahan Ward, Mon, Nagaland, India",Landslide,1
"Tefana, Uttarakhand",Landslide,1
Tehri,Earthquake,1
Tehri,Flood,1
Tehri,Landslide,4
Tezpur,Earthquake,5
"Thadiyambadu Near Painavu, Kerala",Landslide,1
"Thampanoor, Thiruvananthapuram, Kerala",Landslide,1
Thana Village,Landslide,1
Thane,Flood,1
Thang,Earthquake,1
"Thang Bridge 10 Km From Turtuk, Leh, Jammu And Kashmir",Landslide,1
Thanmandi Area Of Rajouri,Landslide,1
"Tharon(?) And Langol Tarung Villages, Thangmeiband Constituency, Imphal, Manipur",Landslide,1
Thatichetlapalem,Landslide,1
The 10-Storeyed Hill View Building The 10-Storeyed Hill View Building,Landslide,1
The Cave Shrine Located In Trikuta Hills Of Reasi District,Landslide,1
"The Chardham Yatra, Shrines Of Badrinath, Kedarnath, Gangotri, And Yamunotri",Landslide,1
The Dangs,Flood,1
The Imphal-Jiribam Section Of Nh-37 In Tamenglong District,Landslide,1
"The Leh-Manali Hwy, Himachal Pradesh",Landslide,1
The Ridge In Downtown Shimla,Landslide,1
"The Rishikesh-Gangotri National Highway, Sainj",Landslide,1
The Sikh Shrine In Manikaran,Landslide,1
Theni,Flood,1
"Thenpara, Kerala-Tamil Nadu Inter-State Highway, Nadukani Ghat Road Connecting Nilambur With Gudallur In Tamilnadu",Landslide,1
"Theog-Kotkhai-Jubbal Road, Himachal Pradesh",Landslide,1
"Thillong Village, Doyang Along State Highway 1, Wokha To Merapani Road",Landslide,1
"Thirpak, Uttarakhand",Landslide,1
Thiruvallur,Flood,1
Thiruvananthapuram,Flood,11
Thiruvananthapuram,Landslide,1
"Thiruvankulam, Kerala",Landslide,1
"Thodpuzha(Thodupuzha) Municipality, Idukki, Kerala",Landslide,1
Three Graveyards Within Aizawl,Landslide,1
Thrissur,Flood,8
"Tikri Village(?) Near Loc, Uri Sector, Baramulla District, Jammu And Kashmir",Landslide,1
Tindharia And Rong Tong,Landslide,1
Tindharia Railway Maintenance Shed,Landslide,1
Tinsukia,Flood,4
"Tirah Lines Which Is Almost 5 Kms From Dharamshala, Himachal Pradesh",Landslide,1
"Tirap , Arunachal Pradesh",Landslide,1
"Tirumala, Andhra Pradesh",Landslide,1
Tirunelveli/Thoothukudi,Cyclone,1
"Tizu, Nagaland",Landslide,1
"Tobu, Nagaland",Landslide,1
Tongseng,Landslide,1
Tonk,Flood,1
"Tottilagundi, Dakshina Kannada District",Landslide,1
Tousem,Landslide,1
"Toy Train Rails Between Siliguri And Darjeeling, West Bengal",Landslide,1
"Toyota Showroom, Goa, India",Landslide,1
"Tracks Near Kulshekar, Between Padil And Thokur, Mangalore To Mumbai",Landslide,1
"Trail Between Adh Kuwari(Adhkuwari) Temple And Shri Mata Vaishno Devi Cave Shrine, Trikuta Hills(?), Near Katra, Reasi, Jammu And Kashmir",Landslide,1
Tripi (Tirpai?) Road Of Upper Gumfa Area In Kalimpong,Landslide,1
Tsarap River,Landslide,1
Tuensang,Earthquake,10
"Tuensang, Nagaland",Landslide,1
"Tuensang-Kohima Rd, 3 Km Outside Tuensang, Nagaland",Landslide,1
"Tuensang-Shamatore(Sampurre) Rd, Nagaland",Landslide,1
"Tuikual 'C', Aizawl, Mizoram",Landslide,1
"Tuitung Village, Khengjoi",Landslide,1
Tumkur,Flood,3
Tunnel Number 16 On The Jammu-Udhampur Section,Landslide,1
Tura,Earthquake,6
Tura,Landslide,1
Tura Civil Hospital,Landslide,1
"Tusom, Manipur",Landslide,1
"Tuting, Upper Siang , Arunachal Pradesh",Landslide,1
"Tyakshi(?) Village Near Turtuk(Nubra Valley) On Leh-Saichen(Siachan) Rd, Jammu And Kashmir",Landslide,1
Type-Iv Colony Of Seppa In East Kameng,Landslide,1
Udalguri,Earthquake,1
Udalguri,Flood,1
Udhagamandalam,Landslide,1
Udupi,Flood,1
Uhl River In Kamand Area,Landslide,1
Ukhrul,Landslide,1
Ukhrul Nh 201-Jessami Road,Landslide,1
Ukhrul Town Circular Road From Rayotang To Viewland Zone Ii,Landslide,1
"Ukhrul, Manipur",Landslide,1
Umarga,Earthquake,2
"Umling, Meghalaya 793102, India",Landslide,1
Una,Cyclone,1
Una,Earthquake,1
Una,Flood,3
Under The Third And Fourth Padil-Bajal Under-Bridge Railway Tracks,Landslide,1
Unnao,Flood,1
Upper Kodaikanal Road,Landslide,1
"Upper Shimla, Himachal Pradesh",Landslide,1
Upper Subansiri,Flood,1
Upper Subansiri,Landslide,1
"Upper Subansiri District, Arunanchal Pradesh",Landslide,1
Uri,Earthquake,9
Uri,Landslide,1
"Uri, Baramulla District",Landslide,1
"Urni, Satluj River, Kinnaur District, Himachal Pradesh, India",Landslide,1
Uttar Pradesh,Landslide,1
Uttara Kannada,Flood,4
Uttarakhand,Landslide,1
Uttarakhand And The Uttar Pradesh,Landslide,1
Uttark?Shi,Earthquake,2
Uttarkashi,Earthquake,11
Uttarkashi,Landslide,8
Uttarkashi District,Landslide,1
"Uttarkashi Town, Uttarakhand",Landslide,1
"Uttarkashi, Uttarakhand",Landslide,2
"Uttarkashi, Uttarakhand,",Landslide,1
V?S?Vadar,Earthquake,1
"Vadad-Hasol Village Near Rajapur In Ratnagiri District, Maharastra",Landslide,1
Vadodara,Flood,3
Vaishali,Flood,1
Vaishnodevi In Trikuta Hills Of Reasi District,Landslide,1
"Valiyasalai, Thiruvananthapuram, Kerala",Landslide,1
Valley Of Flowers Near Badrinath,Landslide,1
Valsad,Flood,1
"Vamanapuram, Thiruvananthapuram District In The State Of Kerala",Landslide,1
"Vannappuram, Kerala,",Landslide,1
Varanasi,Flood,5
"Varunavat Mountain, Uttarkashi",Landslide,1
Vasco,Landslide,2
"Vazhavara, Idukki, Kerala, India",Landslide,1
"Velnal Village, Tamei Sub-Division And Toribari Village (3 Kilometer Toward Tamei From Kangpokpi)",Landslide,1
"Vengola, Kerala",Landslide,1
Veraval,Cyclone,1
Vidisha,Flood,1
Vijaywada(Vijayawada),Landslide,1
"Village In Pangi Valley, Chamba District",Landslide,1
Village Mohechiwadi Under Karjat Taluka Of Raigad District,Landslide,1
"Villages Pilkha(?), Devali(?), And Balta(?), Avalbagh Block(?), Almora(Almorah) District, Uttarakhand",Landslide,1
"Villages Shapoo(?), Bazgo(?) And Wide Area Around Leh, Ladakh, Jammu And Kashmir",Landslide,1
Villages Surrounding The West Sikkim District Of,Landslide,1
"Villanchira, Near Neryamangalam",Landslide,1
Vinukonda,Earthquake,1
Vip Road,Landslide,1
Virudunagar,Flood,1
Visakhapatnam,Flood,1
Visakhapatnam/Srikakulam,Cyclone,40
Vishakhapatnam,Cyclone,7
"Vishnuprayag, Joshimath",Landslide,1
Vizianagaram,Cyclone,1
Vizianagaram,Flood,1
"Vollant, Vasco, Behind The Ktc Bus Stand, Goa, India",Landslide,1
W?Ngjing,Earthquake,83
"Wadpora, Budgam Near Vidyala School",Landslide,1
"Walo Ward, Mon Town, Wokha District, Nagaland",Landslide,1
Wamkhu Village Along The Tengnoupal-Joupi Road In Chandel District,Landslide,1
Warangal,Flood,4
Wardha,Flood,2
Washim,Flood,2
Wayanad,Flood,11
Wayanad,Landslide,4
"Wayang, Khengjoi",Landslide,1
West Bengal,Cyclone,1
West Bengal Coast,Cyclone,158
West Bengal-Sikkim At Highway Rambi,Landslide,1
West Garo Hills,Landslide,1
West Godavari,Flood,4
West Kameng,Landslide,1
West Kameng / East Kameng,Earthquake,35
"West Kameng, Arunachal Pradesh",Landslide,1
West Siang,Landslide,1
West Tripura,Earthquake,7
Willong-Yangkhullen Stretch,Landslide,1
Wokha,Earthquake,1
Yadgir,Flood,1
Yairipok,Earthquake,19
"Yakshu, Nagaland",Landslide,1
Yamnotri Highway,Landslide,1
Yamunotri,Landslide,1
Yamunotri Route,Landslide,1
Yanam,Cyclone,1
Yangkhullen-Tamphung Road Till Nagaland Border,Landslide,1
Yavatmal,Flood,1
"Yedakumeri, Bengaluru-Mangaluru Train",Landslide,1
Yedakumeri-Shiribagilu In The Hassan-Mangalore Section Of The Line.,Landslide,1
"Zang(?), East Sikkim",Landslide,1
"Zembabawk, Aizawl",Landslide,1
Zero Near Kurseong,Landslide,1
"Zhekuto, Nagaland",Landslide,1
Zojila Pass,Landslide,2
"Zojila, India (Srinagar-Kargil Road)",Landslide,1
Zunheboto,Earthquake,2
Zunheboto District,Landslide,1
"Zunheboto, Nagaland",Landslide,2
"Zunheboto, Nagaland, India",Landslide,1
Â Arunachal Pradeshâ,Landslide,1
"Â Between Harangajao And Mailongdisa, Assa,",Landslide,1
"Â Chungthang And Pegong. Houses, Between Rangma And Chungthang",Landslide,1
Â Jammu-Srinagar,Landslide,1
"Â Varai, Maharashtra",Landslide,1
