district,disaster_type,district_avg_deaths
"(Okai Tea Garden) Mirik, Darjeeling, West Bengal",Landslide,2.0
".5 Km Away From Valparai Police Station At A Construction Site, Valparai, Tamil Nadu, India",Landslide,1.0
"12Th Mile Area At Jorabat, Meghalaya, India",Landslide,0.0
14 Milestone Of J N Marg Near Kyangnosola (East Sikkim),Landslide,0.0
"15 Km From Gangtok, Himalayans",Landslide,0.0
"15 Kms From Maram, National Highway-102/A (Maram Peren Road)",Landslide,0.0
"17Th Mile(?), Jawaharlal Nehru Marg Hwy, Between Gangtok And Nathu La, Sikkim",Landslide,0.0
"2 Km From Khongsang Village(?), Road Between Tamenglong And Imphal Or Nungba, Manipur",Landslide,0.0
"2 Mw Sal-Ii Hydropower Project, On The Outskirts Of Chamba",Landslide,0.0
200 Meters From Teesta Bridge Towards Siliguri,Landslide,0.0
22 Kms To 30 Kms Between Sangkungmai And Willong,Landslide,0.0
24 Parganas,Cyclone,149.0
"3Km Ahead Of Palchan, Manali-Palchan",Landslide,0.0
"43 Km-Point On Mughal Road, Poonch District, Jammu And Kashmir, India",Landslide,0.0
"4Th Mile, Lower Mangshila In North Sikkim",Landslide,0.0
5 Km From Kedarnath Temple,Landslide,0.0
"5 Km Off Sangam Point On Aalo- Pangin Road, Arunachal Pradesh, India",Landslide,0.0
"7 Km Of Road, Between Kasang And Akpa",Landslide,0.0
8 Mile In Kalimpong,Landslide,0.0
"A Cachar District Village, Near Village Of Srinager, Assam",Landslide,5.0
A Coal Mine In Sundergarh District Of Odisha,Landslide,7.0
A Construction Site On Tiger Hill Road,Landslide,1.0
A Hillock Between Kasara And Igatpuri,Landslide,0.0
A Village Near Bhavanagar,Landslide,2.0
Adderlie Near Coonoor,Landslide,0.0
Adhkuwari,Landslide,0.0
Adoshi Tunnel,Landslide,0.0
"Adoshi Tunnel,  Khandala Ghat, On Pune-Mumbai Expressway",Landslide,1.0
"Adoshi Tunnel, Mumbai-Pune Expressway",Landslide,3.0
"Again On Tracks Near Kulshekar, Mangalore",Landslide,0.0
Agra,Flood,48.0
Ahmednagar,Flood,28.0
"Ahmednagar-Thane Road , Malshej Ghat, Maharashtra, India",Landslide,1.0
Aizawl,Landslide,31.0
"Aizawl, Mizoram, India",Landslide,0.0
"Aizawl-Lengpui Rd 3Km From Aizawl, Mizoram, Manipur",Landslide,0.0
Akonggre,Landslide,1.0
"Akuk Village, Wokha District, Nagaland",Landslide,4.0
Allahabad,Flood,125.0
Almora,Landslide,40.0
"Almora, Uttarakhand",Landslide,0.0
"Almora-Pithoragarh Road, Between Makrau And Thiari",Landslide,0.0
"Altinho, Goa",Landslide,0.0
"Ambedkar Nagar Slum(?), Ulhasnagar City, Thane District, Maharashtra",Landslide,4.0
Ambegaon,Landslide,151.0
"Amboli Ghat In Sindhdurg, Konkan",Landslide,0.0
"Amboli, Belagum, 1.5 Km From Main Waterfalls",Landslide,0.0
"Amei To Kangpokpi Via Imphal Road, 0.5 Km From Tamei, Tamenglang District",Landslide,0.0
Amingaon,Landslide,2.0
Amreli,Flood,72.5
Amritsar,Flood,41.5
Andaman Islands,Cyclone,6.0
Andhra Pradesh,Cyclone,18.0
"Angod, Mapusa",Landslide,0.0
"Anini-Roing Road,  Dibang Valley,  Arunachal Pradesh",Landslide,0.0
"Anmod Ghat Road, Goa-Karnataka Border",Landslide,0.0
Anni And Nahan,Landslide,6.0
"Antop Hill, Mumbai",Landslide,2.0
Araria,Flood,671.0
Arthanareeswarar Temple,Landslide,0.0
Arunachal Pradesh,Landslide,4.333333333333333
Arunachal Pradesh/Itanagar,Landslide,0.0
At The Talgaon Cutting Between Sindhudurg And Kudal Section Of The Konkan Railway,Landslide,0.0
"Atharamura Hills, Highway 44, Tripura",Landslide,0.0
Atlanta Point,Landslide,0.0
Azad Jammu And Kashmir,Landslide,0.0
Babrang Village Under Jang Circle In Tawang District,Landslide,0.0
Badrinath,Landslide,0.0
"Badrinath And Yamunotri Shrines(?), Garhwal Region, Uttarakhand",Landslide,0.0
Badrinath Highway Near Mulygoan In Tihri,Landslide,0.0
"Badrinath Rd,  Rishikesh, Uttarakhand",Landslide,1.0
"Badrinath Route, Lambagarh(?), Uttarakhand",Landslide,0.0
"Bageshwar, Uttarakhand",Landslide,9.0
"Baglihar Dam, On River Chenab, Chanderkote In Banihal, Ramban , Jammu And Kashmir",Landslide,1.0
Bahraich,Flood,100.0
"Bala, Pithoragarh, Uttarakhand (450Km From Deheradun)",Landslide,15.0
Balangir,Flood,145.0
Balasore,Flood,47.5
"Baliyanala, Nainithal",Landslide,0.0
Ballia,Flood,154.0
Baltal,Landslide,0.0
Bamunimaidam,Landslide,1.0
Banaskantha,Flood,72.0
Bandar,Cyclone,8.0
Bandibala,Landslide,0.0
"Banganga-Ardhkuwari Road, Enroute To He Cave Shrine Of Mata Vaishnodevi In Jammu And Kashmirâ€™S Reasi District",Landslide,5.0
Bangapani Area Of Pithoragarh,Landslide,1.0
"Banihal, Srinagar-Jammu Highway",Landslide,0.0
Bankura,Flood,61.0
"Bantwal Cross (Bc) Road Flyover, Nh48, Between Mangalore And Beltangady(Belthangady) And Puttur, Bantwal, Karnataka",Landslide,0.0
Bapatla,Cyclone,65.0
"Baralacha La And Rahni Nallah, Himachal Pradesh Along Manali Â€“ Leh Highway",Landslide,0.0
Barddhaman,Flood,45.0
Bardhaman,Flood,65.0
Barisal Impact Wb,Cyclone,20.0
Barmer,Flood,118.33333333333333
Baroda,Flood,1103.0
Barpeta,Flood,80.6
Barwani,Flood,40.0
"Basantpur Or Gouchar Village (Two Conflicting Sources), Chamoli District",Landslide,5.0
Baskatwa In Gaya District,Landslide,0.0
Basohli-Bani Road,Landslide,0.0
Batahghuli,Landslide,0.0
"Batahguli, Guwahati, Assam",Landslide,1.0
Batote,Landslide,0.0
"Batote-Doda Highway, Ramgarh(?), Baggar(Bagger)(?) Area, Doda District, Jammu And Kashmir",Landslide,4.0
"Batote-Doda-Kishtwar Road, At Jathi(?) And Drabshalla, Jammu And Kashmir",Landslide,0.0
"Batote-Kishtwar Highway, Kishtwar Stretch",Landslide,0.0
"Bazpur, Uttarakhand",Landslide,2.0
Beerwah,Landslide,0.0
Beldanga,Landslide,1.0
Bellary,Flood,55.0
Berhampur,Cyclone,250.0
Between Batote And Ramban,Landslide,0.0
Between Bongyang And Lokchao Along The Imphal-Moreh Highway,Landslide,0.0
Between Chalong And Paraolon,Landslide,0.0
Between Kasara And Igatpuri,Landslide,0.0
"Between Kathalighat(Kathleeghat) And Knoh(?) Stations, Rail Line Between Solan And Shimla 15 Km Form Shimla, Himachal Pradesh",Landslide,0.0
"Between Mahur And Maigrandisa(?) Or Lumding, Assam",Landslide,0.0
Between Manali And Rohtang,Landslide,0.0
Between Moltuk To New Songjang Village,Landslide,0.0
Between Phesama And Kuima In Nagaland,Landslide,0.0
"Between Rudaprayag And Guptkashi, Uttarakhand (2 Landslides)",Landslide,0.0
Between Siliguri And Sevak,Landslide,0.0
Between Tengnoupal-Sita Junction And Tengnoupal Power Sub-Station,Landslide,0.0
Bhadrachalam,Flood,70.0
Bhadrak,Cyclone,50.0
Bhagalpur,Flood,81.66666666666667
"Bhangagarh, Assam",Landslide,3.0
Bharuch,Flood,32.5
"Bhatwari Area Of Uttarkashi Districti, Uttarakhand",Landslide,1.0
"Bhatwari, Rishikesh-Gangotri Highway, Uttarkhand",Landslide,0.0
"Bhatwari, Rishikesh-Gangotri Hwy",Landslide,0.0
Bhavnagar,Cyclone,19.0
"Bhikona Village, Pokhri Block, Chamoli Village, Uttarakhand",Landslide,7.0
"Bhimtal Area, Naintal District, Uttarakhand",Landslide,1.0
Bhojpur,Flood,85.0
Bhojpur,Landslide,1.0
Bhubaneswar,Cyclone,267.5
Bhusawal,Flood,35.0
Biama Area Of Khalsi Tehsil In Leh District,Landslide,2.0
Bidar,Flood,45.0
Bijapur,Flood,168.0
Bikaner,Flood,61.5
"Bilaipur, Hailakandi District, Assam, India",Landslide,2.0
Birbhum,Flood,40.0
"Birik On Nh31A, Kalimpong",Landslide,0.0
Bishnupur,Flood,24.0
Blocked The Track Between Railpathri And Baltal,Landslide,0.0
"Blue Metal Quarry, Kondayanpatti, Madurai District, India",Landslide,3.0
Bolangir,Flood,75.0
Bongaigaon,Flood,73.33333333333333
"Bop, Sikkim",Landslide,0.0
"Borra Caves, Andhra Pradesh",Landslide,0.0
"Borsorsa(?), West Khasi Hills, Meghalaya",Landslide,0.0
Botsa  And Chiechama,Landslide,0.0
Boudh,Flood,40.0
"Brahmananda Reddy Nagar(?), Machavaram, Vijayawada City, Andhra Pradesh",Landslide,0.0
"Bridge Between Coonoor And Barliar, Tamil Nadu",Landslide,2.0
"Bungte Chiru Village(?), Senapati District, Manipur",Landslide,0.0
Burdwan,Flood,50.0
Buxar,Flood,88.0
Byrnihat,Landslide,0.0
Carmel School In Palakkayam,Landslide,0.0
"Chadiyan(?) Village Near Uri, Baramulla District, Jammu And Kashmir",Landslide,0.0
"Chagoan Village Near Tapri, 220 Km From The State Capital Shimla, Kinnaur District, Himachal Pradesh",Landslide,5.0
"Chakki-Ka-Mor, About 10 Km From Parwanoo",Landslide,0.0
"Chakrata, Uttarakhand, India",Landslide,10.0
"Chakwa Bridge, 9 Kilomters Short Of Doda",Landslide,0.0
Chamba,Landslide,19.0
Chamoli,Flood,85.0
Chamoli,Landslide,42.6
"Chamoli , Uttarakhand",Landslide,1.0
"Chamoli District, Uttarakhand",Landslide,0.0
"Chamoli, Uttarakhand",Landslide,3.0
Champai,Landslide,20.0
Champawat,Landslide,28.0
"Chandanpur Village, Maharajpur, Kanpur, India",Landslide,2.0
Chandel,Landslide,14.0
"Chandigarh-Shimla National Highway (Nh 22), Near Parwanoo, Himachal Pradesh",Landslide,0.0
"Chandoli(?) And Karchuna(?) Vilalges, Pokkhri, Chamoli, Uttarakhand, Uttranchal",Landslide,0.0
Chardham Yatra,Landslide,0.0
"Cheeyapara Near Neriyamangalam, Kerala",Landslide,0.0
"Cheeyappara Waterfalls, Ernakulam, Kerala",Landslide,5.0
Chena Bhati In Karara,Landslide,0.0
Chennai,Cyclone,84.83333333333333
Chennai,Flood,87.0
"Chetra Village, Dehradun, India",Landslide,10.0
"Chhatanga Area; Helkugad; And Netala, All On The Rishikesh-Yamunotri National Highway",Landslide,0.0
"Chhatanga(?) Village On Rishikesh-Yamunotri Highway, Uttarkashi",Landslide,1.0
"Chhatru(?), Gramphu(?)-Kaza Rd, Himachal Pradesh",Landslide,0.0
Chhindwara,Landslide,3.0
"Chhinga Veng, Aizawl",Landslide,3.0
"Chhinka Area(?), On Rishikesh-Badrinath Hwy",Landslide,0.0
"Chiechama, Nagaland",Landslide,0.0
"Chingai-Kuingai(Quingai) Route (16 Kms), Chingai Subdivision, Ukhrul District, Manipur",Landslide,0.0
Chinona Area In Almora District,Landslide,3.0
Chittagong Impact,Cyclone,23.0
Chittagong-Wb Border,Cyclone,15.0
"Chittinagar, Vijayawada City, Andhra Pradesh",Landslide,0.0
"Choglamsar(Choklamsar) Village, Jammu And Kashmir",Landslide,0.0
Chohla,Landslide,0.0
Chohla Village Of Kajlot Panchayat,Landslide,0.0
Chontinar Village Of Central Kashmir Budgam District,Landslide,0.0
"Chrsiturajupuram, Vijayawada, Andhra Pradesh",Landslide,0.0
"Chumukedima, Dimapur",Landslide,0.0
"Chungthang, Sikkim",Landslide,1.0
Coastal Karnataka,Landslide,0.0
Construction Site In East Kidwai Nagar,Landslide,1.0
Cooch Behar,Flood,45.0
Cox'S Bazar Impact,Cyclone,8.0
Cuddalore,Cyclone,91.0
"Cuddegal In Sanvordem, Outside The Mining Lease Area",Landslide,0.0
Cuttack,Cyclone,600.0
Cuttack,Flood,61.75
Dabhol Village Of Maharashtra'Sâ Ratnagiriâ District,Landslide,12.0
Dahanu,Cyclone,12.0
Dakhingaon,Landslide,0.0
"Dapchhuah, Mamit, Mizoram",Landslide,4.0
Dara Gutli Village Of Uri Sector In North Kashmir'S Baramulla District,Landslide,2.0
"Daragaon(?), Gangtok City, Sikkim",Landslide,0.0
Darbhanga,Flood,245.0
Darjeeling,Landslide,29.75
Darjeeling (Between Tin Dharia And Rongtong),Landslide,0.0
"Darjeeling District, West Bengal, Toy Train Route",Landslide,0.0
"Darjeeling Heritage Railway, Darjeeling",Landslide,0.0
Darjeeling Hills (Lebong - 10 Km From Darjeeling,Landslide,15.0
"Darjeeling Sadar, Darjeeling West Bengal",Landslide,14.0
"Darjeeling, West Bengal",Landslide,0.0
"Dawrpui Vengthar Cemetary, Aizwal, Mizoram",Landslide,0.0
"Debram Chawl, Antop Hill Near Sheikh Mistry Dargah Road, Central Mumbai",Landslide,5.0
"Dehradun, Uttarakhand",Landslide,3.5
"Dehradun-Mussoorie Rd, Himachal Pradesh",Landslide,0.0
Delhi,Flood,12.0
"Deval, Chamoli District, Uttarakhand",Landslide,0.0
Dhaktebhat In Dongri Village Of St Andre Constituency,Landslide,0.0
Dhalai,Landslide,16.0
Dhankuta,Landslide,0.0
"Dharam-Tharad Area(?), Ramban District",Landslide,0.0
"Dharampur, Mandi District",Landslide,3.0
Dharamsala Roads,Landslide,0.0
Dharamsala-Kangra State Highway,Landslide,0.0
"Dharasu And Nalupani Near Uttarkashi On Rishikesh Â€“ Gangotri Highway, Uttarakhand",Landslide,0.0
"Dharasu, Uttarkashi, Uttarakhand",Landslide,1.0
"Dharasu-Gangotri Road, Uttarakhand",Landslide,0.0
Dharwad,Flood,8.0
Dhemaji,Flood,87.66666666666667
Dhirenpara,Landslide,0.0
Dhok Bagla Near Kotranka,Landslide,3.0
Dhubri,Flood,130.0
Dibrugarh,Flood,95.0
"Didihat, Uttarakhand, India",Landslide,0.0
"Digdol, Jammu-Srinagar National Highway, Between Kashmir And The Rest Of The Country",Landslide,0.0
Digha,Cyclone,50.0
"Dikhu Bridge(?), Mokokchung-Tuensang Road, Nagaland",Landslide,0.0
Dima Hasao,Landslide,26.333333333333332
Dimapur-Imphal Highway (Nh 39) Near Manipur,Landslide,0.0
"Districts Lakhimpur, Dhemaji, Golaghat, And Sonitpur, Assam Province",Landslide,0.0
Diwalkund In Dessa Belt Of Doda District,Landslide,4.0
Doba,Landslide,2.0
"Doba Sayedan, Kashmir",Landslide,10.0
Doda,Landslide,33.5
Doda-Bhaderwah Highway,Landslide,0.0
Doda-Kishtwar Road,Landslide,0.0
"Dolma Lhakang Complex, Lumla, Tawang,  Arunachal Pradesh, India",Landslide,0.0
Dum Dum Parai,Landslide,0.0
"Dumuriput, Odisha 764021, India",Landslide,0.0
East Champaran,Flood,125.0
East Godavari,Flood,65.0
East Jaintia Hills,Landslide,22.0
East Kameng District In Arunachal Pradesh Bordering China,Landslide,0.0
"East Kameng, Arunachal Pradesh",Landslide,0.0
"East Siang, Arunachal Pradesh",Landslide,3.0
East Sikkim,Landslide,24.0
East Singhbhum,Flood,38.0
"Eastern Edge Of Leh City, Ladakh, Jammu And Kashmir",Landslide,0.0
"Eknath(?) Chawl, Sainic Nagar(?), Below Mumbra Hill, Mumbra, Near Mumbai, Maharashtra",Landslide,6.0
"Ekvira Devi Temple, Karla Near Khandala",Landslide,0.0
"Endulin Nallah, Mayodia, 17-Camp, 83-Camp",Landslide,0.0
"Eraniel Station,  Kanyakumari District, India",Landslide,0.0
Erasama,Cyclone,1500.0
"Ernakulam, Kerala (Monsoon)",Landslide,4.0
Faizabad,Flood,100.0
Farangipete,Landslide,3.0
"Fazl Ali College, Mokokchung, Nagaland",Landslide,0.0
Ferozeguda,Landslide,1.0
"Finchaytaar, Lodhoma, Darjeeling, India",Landslide,0.0
"First Hairpin Bend, Kerala-Tamil Nadu Inter-State Highway, Nadukani Ghat Road Connecting Nilambur With Gudallur In Tamilnadu",Landslide,0.0
Frasthar,Landslide,0.0
Gagnani,Landslide,0.0
"Gaiparnath Mahadev Temple, Foothills Of Chambal Ravines",Landslide,2.0
Gamraula Near Bilaspur,Landslide,0.0
"Gandoh, Doda District, Jammu",Landslide,1.0
"Gangortri-Rishikesh Highway, At Narendranagar In Tehri District Of Uttarakhand",Landslide,0.0
Gangotri,Landslide,0.0
Gangotri Highway,Landslide,0.0
Gangtok,Landslide,68.5
"Gaoilung(Gadailong) Village(?), Ward 4(?), Tamenglong, Manipur",Landslide,2.0
Garchuk,Landslide,0.0
"Garhwal, Uttarakhand",Landslide,1.0
"Garo Hills, Tura",Landslide,6.0
"Gauchar, Chamoli District, Uttarakhand",Landslide,0.0
"Gaunsawaddo, Mapusa, Goa, India",Landslide,0.0
"Gaurikund, Road To Kedarnath, Garwhal Division, Uttarakhand",Landslide,0.0
Gaurikund-Kedarnath Pedestrian Trek,Landslide,0.0
Gaya,Flood,36.5
"Gayabari,  West Bengal",Landslide,0.0
Gayatri Nagar,Landslide,1.0
"Geetkolbong, Kalimpong Sub-Division, Darjeeling, West Bengal",Landslide,1.0
"Gharao Village, Near Holi Township",Landslide,0.0
"Ghat Road Leading To Sri Kanakadurga(Kanaka Durga) Temple, Indrakeeladri Hill, Vijayawada City, Andhra Pradesh",Landslide,0.0
"Ghat Road Of The Kanaka Durga Temple, Vijayawada District",Landslide,0.0
Ghazipur,Flood,72.5
"Gilbert Hill, Andheri West, Mumbai",Landslide,0.0
Goalpara,Flood,89.33333333333333
"Goddess Nijabankeswari Temple, Digapahandi, Ganjam District, Odisha, India",Landslide,0.0
Golaghat,Flood,78.33333333333333
Gopalganj,Flood,121.5
Gopalpur,Cyclone,101.6
Gorakhpur,Flood,145.0
"Gourishankar Tea Estate Premises, Darjeeling, West Bengal",Landslide,4.0
"Government Middle School (Gms) Kiphire Station Â€Œbâ€, Kiphire, Nagaland, India",Landslide,0.0
"Govindghat, On The Rishikesh-Badrinath Highway",Landslide,0.0
Gudalur,Landslide,24.0
"Gudalur Town, Nilgiris, Tamil Nadu",Landslide,0.0
"Gudder Village(?), Kulgam District, Jammu And Kashmir",Landslide,0.0
Gujarat Coast,Cyclone,10.0
Gulbarga,Flood,67.5
Gumma On Pathankot-Mandi National Highway,Landslide,0.0
Gunadala Hill Of Vijayawada,Landslide,1.0
Guntur,Flood,84.33333333333333
"Gurez, Kashmir",Landslide,1.0
Guwahati,Flood,100.0
Guwahati,Landslide,6.0
Gwalior,Flood,115.0
Haari Village Of Poonch District,Landslide,1.0
"Haflong, Assam",Landslide,1.0
Hajibal,Landslide,0.0
Hanjishat Village In Handwara Area Of Kupwara District,Landslide,0.0
Hanogi,Landslide,0.0
"Hanogi On The Mandi-Kullu National Highway (Nh-21), Himachal Pradesh, India",Landslide,0.0
Haridwar,Flood,450.0
Haridwar In Uttarakhand Province,Landslide,0.0
"Harne(?) Village, Near Dapoli, Ratnagiri District, Maharashtra",Landslide,8.0
"Hathi Matha, Between Katra And Vaishno Devi Cave Shrine In Trikuta Hills, Reasi District",Landslide,2.0
"Hatisur(?), Sevok(Sevoke), Kalimpong Sub-Division, Nh 31A Between Siliguri And Gangtok, Sikkim",Landslide,0.0
Hatsingimari,Landslide,1.0
Hawai,Landslide,0.0
"Hayuliang, Anjaw District,Arunachal Pradesh, India",Landslide,0.0
"Head Water Works, Kummaripalem, Vijayawada",Landslide,0.0
"Hee-Khola, Sikkim",Landslide,2.0
Heibok Hills,Landslide,0.0
"Highway 22, Near Borag Bypass, Near Solan, Himachal Pradesh, India",Landslide,1.0
"Highway 53 At Tupul, Tamenglong District",Landslide,0.0
"Highway To Rudraprayag District, Uttarakhand",Landslide,0.0
"Highway To Uttarkashi District, Uttarakhand",Landslide,0.0
Highways Leading To Badrinath And Gangotri,Landslide,0.0
"Hill(?) In Valmik Nagar, Kurla (Valmikinagar), Mumbai",Landslide,0.0
Himachal Pradesh School Education Board,Landslide,0.0
"Himachal Pradesh, All Over",Landslide,11.0
"Himachal Pradesh, Shimla District, Ghanvi Village",Landslide,52.0
Hindon River In Ghaziabad,Landslide,0.0
Hingdam Village In South Sikkim,Landslide,1.0
"Hoj-Potin Highway, Arunachal Pradesh, India",Landslide,1.0
"Holenjang, Chandel District",Landslide,0.0
"Holy Cave Shrine, Mata Vaishno Devi, Trikuta Hills, Reasi District, Near Panchi Morh In Sanjichat Area En Route Mata Vaishno Devi",Landslide,1.0
Howrah,Flood,95.0
"Hual(Hu) Village(?), Lunglei-Lawngtlai Rd, Mizoram",Landslide,0.0
"Hwy 123, Badnera, Maharashtra,",Landslide,3.0
Hyderabad,Flood,75.0
Idukki,Landslide,47.75
"Idukki Taluk, Kerala",Landslide,0.0
"Idukki, Kerala",Landslide,3.0
Iit Campus In Mandi,Landslide,0.0
Imphal West,Landslide,18.0
"Imphal-Dimapur Road  In Tadubi, Senapati District, Manipur, India",Landslide,0.0
Imphal-Ukhrul Road,Landslide,0.0
"Imphal-Ukhrul Sector Of National Highway 102, Manipur, India",Landslide,0.0
"India Gate(?), Srinagar-Leh Highway, Kashmir",Landslide,0.0
"Indrakeeladri Ghat Rd, Vijayawada, Andhra Pradesh",Landslide,0.0
"Irang(?) And Barak(?) And Makru(?) On Highway 53 Between Imphal And Jiribam, Manipur",Landslide,0.0
"Ishok Chingphu(?), Bishnupur, Assam",Landslide,0.0
Itanagar,Landslide,12.5
"Itanagar (One Near Pachali Power House, One Near Heema Hospital, And One Nearromik Colony At P Sector)",Landslide,3.0
"Itanagar, Arunachal Pradesh",Landslide,2.0
"Itanagar-Naharlagun, Arunachal Pradesh",Landslide,21.0
Itanagar/Naharlagur/Nirjuli,Landslide,0.0
Jagatsinghpur,Cyclone,3000.0
Jagatsinghpur,Flood,48.0
"Jahjon Ward(?), Mon Town, Nagaland",Landslide,0.0
Jaisalmer,Flood,10.0
Jajpur,Flood,88.0
Jalpaiguri,Flood,62.333333333333336
Jammu And Kashmir,Landslide,0.0
Jammu And Kashmir Between Adhkuwari And Bhawan At Devi Dwar,Landslide,0.0
"Jammu And Srinagar Natl. Hwy., Panthal, Ramban",Landslide,0.0
Jammu-Pathankot Route Near Samba,Landslide,0.0
Jammu-Srinagar Highway,Landslide,2.0
"Jammu-Srinagar Hwy, Digdol, Ramban, Jammu And Kashmir",Landslide,0.0
"Jammu-Srinagar Hwy, Sheeri(?), Ramban, Jammu And Kashmir",Landslide,0.0
Jammu-Srinagar National Highway,Landslide,2.5
Jammu-Srinagar National Highway At Kheri In Udhampur District,Landslide,0.0
"Jammu-Srinagar National Highway At Samroli, India",Landslide,0.0
Jammu-Srinagar National Highway In Jammu City,Landslide,0.0
"Jammu-Srinagar National Highway, Digdol Area, Jammu And Kashmir",Landslide,0.0
"Janki Chatti, Uttarakhand, India",Landslide,0.0
"Jaram, Kerala-Tamil Nadu Inter-State Highway, Nadukani Ghat Road Connecting Nilambur With Gudallur In Tamilnadu",Landslide,0.0
"Jawahar Tunnel-Patnitop Stretch In Ramban District, Jammu-Srinagar Highway",Landslide,0.0
"Jeevandaya Lane(?), Vijay Nagar, Ghatopar(Ghatkopar)",Landslide,0.0
"Jeori-Ganvi(?) Rd, Kinnuar(Kinnaur) District, Himachal Pradesh",Landslide,0.0
Jheol Village In Dharamsala Subdivision,Landslide,0.0
"Jhulaghat Area Of Pithoragarh District, Uttarakhand",Landslide,1.0
Jivdani Temple,Landslide,1.0
Jodhpur,Flood,71.5
Jorabat-Umiam Route,Landslide,1.0
Jorhat,Flood,74.2
Joshimath-Mallari Road,Landslide,4.0
"Jwagdhar Village, Sangrah, Sirmaur District, Himachal Pradesh, India",Landslide,2.0
"Kadavoor, Erakulam, Kerala",Landslide,6.0
"Kadavoor, Kerala",Landslide,0.0
Kailashpur Hill,Landslide,1.0
Kaimur,Flood,12.0
"Kaiphundai(?)-Tousem(In Assam) Road, Tamenglong District, Manipur",Landslide,0.0
Kakinada,Cyclone,560.0
"Kakolat Falls, Rajauli Sub-Division, India",Landslide,0.0
"Kala Nalah(?), Keylong-Udaipur Rd, Himachal Pradesh",Landslide,0.0
Kala Zar In Reasi District,Landslide,5.0
"Kalahandi District Of Orissa, Depur Village",Landslide,5.0
Kalijhora,Landslide,0.0
Kalimpong,Landslide,30.0
"Kalimpong, Darjeeling, West Bengal",Landslide,2.0
"Kalimpong, West Bengal",Landslide,0.5
"Kalka-Shimla Rail Line, 1 Km From Dharampur Railway Station At Tunnel No. 27",Landslide,1.0
"Kallar, Tamil Nadu",Landslide,0.0
"Kallarakodi, Ullal, India",Landslide,0.0
Kalsan Village Near Bagial Dhara,Landslide,0.0
Kamakhya Temple,Landslide,0.0
"Kamraj Nagar Slum At Sion-Koliwada, Antop Hill, Mumbai",Landslide,2.0
Kamrup,Flood,98.83333333333333
Kamrup,Landslide,162.5
"Kamrup District, Assam, India",Landslide,2.0
"Kamrup, And Sonitpur, Assam",Landslide,7.0
"Kandi Canal Project, Gandoh Area, Doda District, Kashmir",Landslide,1.0
Kandla,Cyclone,1173.0
Kangra,Flood,80.0
Kangra,Landslide,21.0
Kangtsung Village,Landslide,0.0
"Kanipathri(?), Srinagar-Leh Highway, Kashmir",Landslide,0.0
"Kankumbi, Karnataka",Landslide,0.0
"Kanlog, Shimla, Himachal Pradesh",Landslide,2.0
Kanpur,Flood,81.0
Karaikal,Cyclone,55.0
"Karakkamandapam, Kerala",Landslide,0.0
"Karcham, Himachal Pradesh, India",Landslide,1.0
"Karcham-Sangla Rd, Himachal Pradesh",Landslide,0.0
Karimnagar,Landslide,10.0
"Karmkund(?), On Rishikesh-Gangotri Hwy",Landslide,0.0
"Karnaprayag, Uttarakhand",Landslide,0.0
"Karnataka Coast, Mangalore",Landslide,0.0
Karsingsa Block Point,Landslide,5.0
"Karsog-Rampur Rd, Himachal Pradesh",Landslide,0.0
"Kasauli-Parwanoo Rd, Himachal Pradesh",Landslide,0.0
"Kashedi Ghat,  Raigad  Maharashtra (Used Raigad Fort For Lat Lon)",Landslide,0.0
Kashmaari Village In Solan District,Landslide,2.0
"Katare Village, 80 Km From Kalimpong",Landslide,1.0
Kathua,Landslide,0.0
Kathua-Billawar Road,Landslide,0.0
Katihar,Flood,85.0
Kavali,Cyclone,52.0
"Kazigadi Near Nashik, Maharashtra",Landslide,0.0
Kaziranga,Flood,45.0
Kedarnath,Flood,5700.0
Kedarnath,Landslide,0.0
"Kedarnath (Hindu Shrine), Near Kedarnath Dome (Mountain), Uttarakhand",Landslide,5000.0
Kedarnath Yatra,Landslide,0.0
Kempty Falls,Landslide,0.0
Kempty Road Near Kandikhal,Landslide,0.0
Kempty Road Near Kempty Falls,Landslide,0.0
Kempty Road Near Sia Village,Landslide,0.0
Kendrapara,Cyclone,1200.0
Kendrapara,Flood,98.5
Keran,Landslide,0.0
"Kerseong, Sub-Division, Siliguri District, West Bengal",Landslide,5.0
"Kerseong, West Bengal",Landslide,0.0
"Khadpora(?), Kandi Area(?) On The Outskirts Of The Baramulla Town, Jammu And Kashmir",Landslide,0.0
Khagaria,Flood,215.0
"Khahare Khola, Kurseong",Landslide,0.0
Khammam,Flood,63.5
Khandala Tunnel,Landslide,0.0
"Khandala, On Mumbai-Pune Expressway",Landslide,0.0
Khanpora,Landslide,0.0
Khansahib,Landslide,0.0
Kharganjuwa Hill Near Barki Lami Pahar 30Km From Daltonganj,Landslide,0.0
"Kharghuli Hills, Assam",Landslide,0.0
"Kharghuli, Guwahati, Assam",Landslide,0.0
Khargone,Landslide,15.0
Kheri,Landslide,0.0
Kheri Near Udhampur,Landslide,0.0
"Khindipada Area, Near The Bmc Pipeline At Bhandup-West",Landslide,0.0
"Khooni Nullah On The Srinagar-Jammu Highway, Ramban District",Landslide,6.0
Khordha,Flood,65.0
Khoupum,Landslide,0.0
Khwas Tehsil Of Rajouri District,Landslide,0.0
Kinnaur,Landslide,24.0
"Kinnaur District, Himachal Pradesh",Landslide,4.0
"Kiphire,  Nagaland",Landslide,0.0
Kiphire-Seyochung Road Near Yangzitong Village,Landslide,0.0
"Kiphire-Tuensang Rd, Nagaland",Landslide,0.0
Kishtwar,Landslide,3.0
"Kishtwar-Chatroo Road, Kishtwar Region Of Jammu And Kashmir",Landslide,12.0
"Klibi Patwar, Theog",Landslide,3.0
Kodaikanal-Palani Ghat Road,Landslide,0.0
"Kodaikanal-Thandigudi(Thandikudi)-Batlagundu Hill Road, Tamil Nadu Province",Landslide,0.0
Kohima,Landslide,259.0
Kolhapur,Flood,125.0
Kolkata,Cyclone,173.0
"Koloriang, Kuring Kumey District, Arunachal Pradesh",Landslide,12.0
"Konkan Railway Tracks Close To Adavali Station, Ratnagiri, Maharashtra",Landslide,0.0
"Konkan Railway, Between Sindhudurg And Kudal",Landslide,0.0
Korwad Village Of Dharampur Taluka In Valsad District,Landslide,0.0
"Kot Village Of Tehri District,Â Uttarakhand",Landslide,2.0
Kota,Flood,82.66666666666667
"Koti Bridge(?), Chamba-Langera-Bhadarwah Border Road Connecting Doda District Of Jammu And Kashmir With Himachal Pradesh",Landslide,0.0
Kottayam,Landslide,15.5
"Kottayam-Kattapana Road, At Ellapara(Elappara) Village, Idukki, Kerala",Landslide,0.0
Kozhikode,Flood,45.0
Kozhipilly In Velliyamattom Village Under Thodupuzha Taluk,Landslide,0.0
Krishna,Flood,57.0
"Kulamavu Region, Kerala",Landslide,0.0
"Kulashekara-Konguru Mutt Road (Kongoor Mutt Road) Near Mangaluru Junction-Panambur Railway Line, Near Mangaluru, India",Landslide,0.0
"Kulgadi, Doda-Kishtwar Highway (Nh-1B)",Landslide,0.0
Kullan,Landslide,0.0
Kullu,Landslide,32.8
"Kullu Village(Or District?) Below Agricultural Lands, Himachal Pradesh",Landslide,0.0
"Kullu, Himachal Pradesh",Landslide,0.0
"Kullu-Manali Rd, Himachal Pradesh",Landslide,0.0
"Kumaon, Uttarakhand",Landslide,1.0
"Kumarhatti-Nahan Road, Himachal Pradesh",Landslide,0.0
"Kundial Village(?) Or Bopa Pull(?) Of Kashtigarh(Kastigarh )(?) Or Bhogal Village(?), Doda District, Jammu",Landslide,5.0
"Kunjuthanni, Idukki, Kerala",Landslide,2.0
Kurla Mumbai,Flood,450.0
Kurnool,Flood,241.66666666666666
Kurseong,Landslide,8.0
"Kurseong Sub-Division, Road Between Kurseong And New Jalpaiguri",Landslide,0.0
"Kurseong, Darjeeling, West Bengal",Landslide,7.0
Kutch,Flood,15.0
Kuzhithura-Erannial(Erani)(?) Section Of Nagercoil-Thiruvananthapuram Railway,Landslide,0.0
Laden In Chadoora,Landslide,16.0
"Laghama(?), Uri Sector, Baramulla District,Jammu And Kashmir",Landslide,0.0
Lahaul Spiti,Landslide,24.666666666666668
"Laipuitland , Aizawl, Mizoram",Landslide,15.0
Lakhimpur,Flood,67.25
"Lakhimpur District, Bihpuria, Assam",Landslide,17.0
Lakhipur,Landslide,5.0
Lalmati,Landslide,1.0
Lalunggaon Near Gorchuk Area,Landslide,3.0
Lambagad,Landslide,0.0
"Lambagad(?), Rishikesh-Badrinath Highway, Uttarakhand",Landslide,0.0
Lambagadh,Landslide,0.0
"Lana Mashoor(?) And Lana Polar(?) And Sewn(?) Villages, Sirmaur District",Landslide,0.0
"Langthabal Khoupum, Imphal, Manipur",Landslide,0.0
"Latiefabad(?) And Khawar(Kawhar)(?) Hamlets, Sheeri(?) Area, Baramulla District",Landslide,0.0
"Lava, Kalimpong",Landslide,1.0
"Lavasa Near Ekaant Hotel Resort In Davse, Pune District, India",Landslide,0.0
Legship,Landslide,0.0
Leh,Flood,255.0
Leh,Landslide,18.0
"Leh Airport, Ladakh, Jammu And Kashmir",Landslide,0.0
Leh Ladakh,Flood,255.0
"Limbu Dhura, Tingling",Landslide,19.0
"Lohardobha Billage, Dhari, Nainital",Landslide,6.0
Lohit,Landslide,12.0
Lohit District Of Arunachal Pradesh,Landslide,0.0
"Lower Chandmari Area, Pwd Department, Kohima, Manipur",Landslide,0.0
"Lower Majakong Ward, Mokokchung, Nagaland, India",Landslide,0.0
"Lower Pezielietsie(Tinpati), Kohima, Manipur",Landslide,0.0
Lucknow,Flood,56.666666666666664
Lumding-Badarpur Section In North Cachar Hills District,Landslide,0.0
Lunglei,Landslide,26.0
Machilipatnam,Cyclone,443.0
Madhepura,Flood,199.0
Madhubani,Flood,235.0
"Madibag Near Kadwad Village, Uttara Kannada District, North Karnataka",Landslide,24.0
Madikeri-Mangalore Highway,Landslide,0.0
Magarkote,Landslide,0.0
Mahabalipuram,Cyclone,64.5
Mahakali River At Bangabagad,Landslide,0.0
Maharashta On Konkan Railway Between Nivsur And Ratnagiri,Landslide,1.0
Maharashtra,Landslide,0.0
"Mahendra Village, Thana Line, Tingling Garden Village In Mirik",Landslide,42.0
Mahindra,Landslide,3.0
"Maighuli, Guwahati, Meghalaya",Landslide,4.0
"Main Road Between Gulem And Loliem And Cotigao, At Baddem, Goa, India",Landslide,0.0
Majuli,Flood,72.5
Malappuram,Landslide,10.0
Malda,Cyclone,50.0
Maligaon,Landslide,2.0
Malin Village,Landslide,151.0
"Malin, Pune, Maharashtra",Landslide,151.0
"Mall Rd, Nainital",Landslide,0.0
Malla,Landslide,0.0
"Malla, Uttarkashi, Uttarakhand",Landslide,0.0
Malpa,Landslide,217.5
Malpa Village,Landslide,380.0
"Malshej Ghat, Maharashtra",Landslide,2.0
"Malshej Ghat, Maharashtra, India",Landslide,0.0
"Malutar Tea Estate, Darjeeling, West Bengal",Landslide,2.0
Manali-Chandigarh Highway,Landslide,0.0
Manali-Leh Highway,Landslide,0.0
"Manali-Leh Highway, Rohtang Pass",Landslide,2.0
"Manali-Leh Road, Between Mari And Rohtang",Landslide,0.0
"Manali-Leh Road, Rohtang Pass",Landslide,0.0
"Manali-Rohtang Road, At Raninalah, Himachal Pradesh",Landslide,0.0
"Mandana(Madana) Village(?), Panchkula-Morni Rd, 20 Km From Panchkula, Haryana",Landslide,0.0
Mandi,Landslide,29.5
Mandi Belt Along Loc,Landslide,1.0
Mandi District,Landslide,0.0
Manipur,Landslide,0.0
"Maniyarankudy, Kerala",Landslide,1.0
"Manjakuttai, Tamil Nadu, India",Landslide,2.0
"Many Locations Around Namchi, Sikkim",Landslide,0.0
Maram (80 Km North Of Imphal),Landslide,0.0
"Maram Area In Senapati District, National Highway 39",Landslide,0.0
"Maram, Manipur",Landslide,0.0
"Marayoor In Idukki District, Kerala",Landslide,1.0
"Matak Mahari(?), Near Dehradun, Uttarakhand",Landslide,0.0
"Mathyali Village, Jakhnidhar, Uttarakhand, India",Landslide,0.0
Mawbah Under Mawprem Area,Landslide,8.0
"Maya Bar, Thokkottu, India",Landslide,0.0
Mebua (8 Km From Seppa),Landslide,0.0
Medinipur,Flood,55.0
Medrasula Village Of Madula Panchayat Of Araku Mandal,Landslide,5.0
Meghalaya,Landslide,0.0
"Mehaskwal Village, Himachal Pradesh",Landslide,1.0
"Melli Chalisey, Sikkim",Landslide,0.0
Meluri Sub-Division In Phek District Of Nagaland,Landslide,0.0
"Menagarh Near Sukki On Rishikesh Â€“ Gangotri Highway, Uttarakhand",Landslide,0.0
Midnapore,Cyclone,30.0
Midnapore,Flood,756.5
"Milimd Nagar Slum, Ghatkopar Area In Suburban Mumbai",Landslide,0.0
Mirik,Landslide,11.0
"Miru, Manali-Leh Highway",Landslide,0.0
Mirzapur,Flood,74.0
"Mizoram, India",Landslide,0.0
Mokokchung,Landslide,0.0
"Mon, Nagaland",Landslide,0.0
Morha Kalana Of Panchyat Dhannuparole In Tehsil Ramkot,Landslide,0.0
Morha-Chuhara Village In Billawar Tehsil,Landslide,0.0
Morigaon,Flood,74.0
"Mosing Village, Upper Siang District, Arunachal Pradesh",Landslide,10.0
"Mossing(Mosing) Village(?), Upper Siang District, Arunachal Pradesh",Landslide,10.0
Mount Abu,Landslide,0.0
"Mount Abu, Harna Hanuman Temple",Landslide,0.0
"Muanna Locality, Mizoram",Landslide,0.0
Mughal Road At Lal Ghulam Pahari (25 Km From Shopian),Landslide,2.0
Mumbai,Flood,1094.0
Mumbai,Landslide,38.0
Mumbai-Pune Expressway Near Khandala Tunnel,Landslide,0.0
"Mundral In Kishtwar District, Jammu And Kashmir",Landslide,2.0
Munger,Flood,55.0
Munjur Near Mettupalayam,Landslide,0.0
"Munnar, Idukki District, Kerala",Landslide,0.0
"Munsyari Area, Pithoragarh, Uttarakhand",Landslide,0.0
Murshidabad,Flood,55.0
"Mussoorie, Uttarakhand",Landslide,0.0
"Mussoorie-Tehri Bypass, Near Landour, Uttarakhand, India",Landslide,0.0
Muttukadu,Cyclone,32.0
Muzaffarpur,Flood,240.0
Naga Gate Along The Ukhrul-Imphal Route,Landslide,0.0
Nagaon,Flood,73.0
Nagapattinam,Cyclone,85.66666666666667
"Nagercoil, Tamil Nadu",Landslide,0.0
Nahan Roads,Landslide,0.0
Nainital,Flood,40.0
Nainital,Landslide,22.0
"Nainital District, Uttarakhand",Landslide,5.0
"Nairpara, Kerala",Landslide,1.0
"Nakham Bazaar, Tura, Meghalaya",Landslide,4.0
Nalbari,Flood,98.0
Nalgonda,Flood,68.0
"Naliyani, Near Thodupuzha Town",Landslide,0.0
Nalupani Area In Uttarkashi District,Landslide,0.0
"Nalupani(?), Rishikesh-Gangotri Highway, Uttarkhand",Landslide,0.0
"Nam Nang, Gangtok",Landslide,0.0
Nambilnar,Landslide,0.0
Namchi,Landslide,13.333333333333334
"Nandprayag, Uttarakhand, India",Landslide,0.0
Narakasur,Landslide,3.0
"Narendranagar Bypass On The Rishikesh-Gangotri National Highway,Tehri Garhwal District, Uttarakhand, India",Landslide,4.0
Narmadapuram,Flood,35.0
"Narundi Area Of Uri, Jammu And Kashmir",Landslide,1.0
"Narvem-Pilgao Road, Bicholim",Landslide,0.0
Nashik,Flood,22.0
Nasik,Flood,45.0
"Nathang Maong, Sikkim",Landslide,7.0
"Nathpa Jhulla, Between Rampur And Peo, Kinnaur, Himachal Pradesh",Landslide,1.0
"Nathpa Village, Kinnaur District, Himachal Pradesh",Landslide,0.0
"National Highway 109, Uttarakhand",Landslide,0.0
"National Highway 2 Near Meriema Village, 10 Km Away From Kohima",Landslide,0.0
"National Highway 2 Near Phesama Village Close To Kisama Naha Heritage Site, Kohima District, Nagaland",Landslide,0.0
"National Highway 2, Near Kohima, Nagaland, India",Landslide,0.0
"National Highway 29 Between Patkai Bridge And Kukidolong, Nagaland",Landslide,0.0
"National Highway 29 Near Phesama Village, Nagaland",Landslide,0.0
National Highway 31A In West Bengal'S Darjeeling District,Landslide,0.0
"National Highway 31A, Darjeeling Hills",Landslide,0.0
"National Highway 4, Navi Mumbai, Maharashtra",Landslide,0.0
National Highway 44,Landslide,0.0
"National Highway 44 At Sunapur And Tongseng In Jaintia Hills District, Eastern Meghalaya",Landslide,0.0
National Highway 51,Landslide,0.0
"National Highway 53, Sinam Khul (Near Kotlen; ~25 Km From Imphal)",Landslide,6.0
"National Highway 54, At Kawnpui Town",Landslide,0.0
"National Highway 66, Connecting Kerala And Karnataka",Landslide,0.0
"National Highway 72-B, Between Paonta Sahib And Sillai, Sirmaur District, Himachal Pradesh",Landslide,0.0
National Highway At Kuliang,Landslide,0.0
"National Highway Leading To Gangotri, From Dehradun",Landslide,0.0
National Highway-21 Near Rani-Ki-Bain,Landslide,0.0
"National Hwy 31A, Birik (Cut Off Sikkim)",Landslide,0.0
"Natl. Highway 31-A At Pani House(?), Gangtok",Landslide,0.0
Natonal Highway In Jorabat Area,Landslide,0.0
"Near A Hill At Puthuvacherry, In Peralassery In Kannur",Landslide,2.0
"Near Bagri Glacier(?), Gopeswar(Gopeshwar), Chamoli District, Uttarakhand",Landslide,0.0
"Near Changu Lake, 15Km Away From Nathu La, On India-China Border In Eastern Sikkim",Landslide,0.0
"Near Chausali Village(?), Almora District, Uttarakhand",Landslide,0.0
"Near Devprayag, Rishikesh-Badrinath Hwy,",Landslide,0.0
"Near Digdol, Jammu-Srinagar Hwy, Jammu And Kashmir",Landslide,0.0
"Near Himkoti(?), On Road To Bhawan(Vaishno Devi Temple) At Katra, Jammu And Kashmir",Landslide,1.0
Near Kalijhora,Landslide,0.0
Near Meeru On Chulling-Tapri Road,Landslide,2.0
"Near Mohand, Dehradun-Delhi Hwy, Uttar Pradesh",Landslide,0.0
"Near Mt. Kamet And Ghastoli Village, Near Mana Pass, Chamoli District, Uttarakhand",Landslide,2.0
Near Nivar Station In The Ratnagiri District Of Maharashtra,Landslide,0.0
"Near Panthal, Between Ramban And Ramsu(?), On Jammu-Srinagar Hwy, Jammu And Kashmir",Landslide,0.0
"Near Rahni Nullah(?), On Manali-Rohtang Hwy, Himachal Pradesh",Landslide,0.0
"Near Ramban, Jammu-Srinagar Hwy, Jammu And Kashmir",Landslide,0.0
"Near Rampur, Himachal Pradesh",Landslide,1.0
"Near Rohtang Pass, Manali-Keylong Rd, Himachal Pradesh",Landslide,0.0
Near S Lamphei Lamkhai And Sehlon Village,Landslide,0.0
"Near Sevok(Sevoke), Highway 31A To Sikkimand Kalimpong, Hatisura(?), Darjeeling",Landslide,0.0
"Near Solan, Kalka-Shimla Hwy, Himachal Pradesh",Landslide,0.0
Near The Rohini-Sirubari Road,Landslide,1.0
"Near Tuichang(?) On Tuichang River, Aizawl-Champhai Rd, Mizoram",Landslide,0.0
"Near Tuivawl(?), Aizawl-Champhai Rd, Aizawl District, Mizoram",Landslide,0.0
"Nehrukund In Manali, Himachal Pradesh",Landslide,25.0
Nellore,Cyclone,362.3333333333333
Nellore,Flood,175.0
"Netali Maneri Marg, Uttarkashi District, Uttarakhand",Landslide,0.0
New Friends Colony,Landslide,1.0
"New Land (""""New Colony"""")",Landslide,0.0
New Mhada Complex In Dindoshi,Landslide,0.0
"Ney Village, Ladakh, Jammu And Kashmir",Landslide,0.0
"Ngur, Near Mizoram-Myanmar Border, India",Landslide,2.0
"Nh 10 Between Coronation Bridge And Sevoke Kalibari, West Bengal, India",Landslide,0.0
"Nh 13 10 Kilometers From Old Ziro, Arunachal Pradesh, India",Landslide,0.0
"Nh 31A At Likhuvir(?), Near Teesta Bazar, 42Nd Km Marker(?), Kalimpong, West Bengal Cutting Off Sikkim And Kalimpong",Landslide,0.0
Nh 37,Landslide,0.0
Nh 37 At Awang Khulâ,Landslide,3.0
"Nh 39 At Kigwema(?), Between Mao Gate And Kohima, Nagaland",Landslide,0.0
"Nh 5 Near Rampur, Uttar Pradesh, India",Landslide,0.0
Nh 66 At Mudaga,Landslide,0.0
Nh 88,Landslide,0.0
Nh-05 Near Chaura Village,Landslide,0.0
"Nh-10, Sepi Jhora, Kalimpong",Landslide,0.0
"Nh-17, Panaji To Mapusa On Old Mandovi Bridge, Goa",Landslide,8.0
"Nh-1A, 7Km From Srinigar",Landslide,0.0
Nh-2 Between Senapati And Mao,Landslide,0.0
"Nh-22 Between Rampur And Recong-Peo(Reckong Peo), Himachal Pradesh",Landslide,0.0
"Nh-22 Beyond Recong-Peo(Reckong Peo),  Himachal Pradesh",Landslide,0.0
Nh-22 Near Taradevi,Landslide,0.0
"Nh-31A At Topakhani Tunnel(?) And Fruit Preservation Factory(?) And Chisopani Bridge(?), Near Singtam And Gangtok And Rangpo, Sikkim",Landslide,0.0
"Nh-39 At Ekai Village(?), 2 Km For Tadubi, Manipur",Landslide,0.0
"Nh-39 At Imphal-Moreh Section, Lokchao Largest Event",Landslide,3.0
"Nh-39 At Tobio Village(?), 7 Km Form Tadubi, Manipur",Landslide,0.0
"Nh-39 In Karong Area, Manipur",Landslide,0.0
"Nh-39 Near Khongnem(?) Village, Between Imphal And Dimapur, Manipur",Landslide,0.0
"Nh-39 Near Kohima Municipality Council(Kmc) Dumping Ground, Between Zubza(Sechu) And Kohima, Nagaland",Landslide,0.0
"Nh-53 At Nungba Police Station, Kambirong(?), Manipur",Landslide,0.0
Nh-55 At Merry Villa,Landslide,0.0
Nh-61 Between Botsa And Chiechama,Landslide,0.0
"Nh-61, 1 Km Before Reaching Botsa",Landslide,0.0
Nh-62 At Sibbari,Landslide,0.0
"Nh-87 Near Naintital, Uttarakhand",Landslide,0.0
Nh10 In Rangpo,Landslide,1.0
"Nh31A, Mile 27 Near Rambi",Landslide,0.0
Nh55 At Tindharia,Landslide,0.0
"Nilachal Hill, Guwahati, Assam",Landslide,0.0
Nilgiri Mountain Rail'S Barliar-Coonoor Sector,Landslide,0.0
Nilgiri Mountain Rail'S Mettupalayam-Kallar Sectors,Landslide,0.0
Nilgiris,Landslide,26.0
"Nimoo(Nimu)(Nimmoo) Village, Leh, Ladakh, Jammu And Kashmir",Landslide,182.0
"Nirgaddu About 4 Km From Tapovan On Rishikesh - Badrinath Route, Uttarakhand",Landslide,0.0
"Noklak-Tuensang Road, Nagaland",Landslide,0.0
Noney,Landslide,20.0
Nongstoin,Landslide,16.5
Noonmati,Landslide,0.0
"Noonmati Nijarapar Area Of The City, Guwahati, Assam, India",Landslide,1.0
"Noonmati, Guwahati, Assam, India",Landslide,0.0
"North Point Colony, Akuluto, Nagaland, India",Landslide,0.0
"North Sikkiim Highway, Periphery Of Gangtok, Sikkim East District",Landslide,0.0
North Sikkim,Landslide,22.0
"North Skkimm Hwy Between, Chungthang And Mangan, North Skimm (9 Landslides)",Landslide,20.0
Nungba,Landslide,0.0
"Nungba, Tamenglong, Manipur",Landslide,0.0
Odisha Coast,Cyclone,3.0
"Old Inspection Bungalow, Bhalukpong Town, West Kameng, Arunachal Pradesh, India",Landslide,5.0
"Old Monastery Road, Ghum",Landslide,1.0
On Circular Road Near Panjtirthi,Landslide,1.0
"On Road Between Mon And Tobu Near Telangsao Hydro Project , Nagaland, India",Landslide,0.0
On The Manali Highway Near Mandi,Landslide,0.0
Ongole,Cyclone,35.0
Ooty,Landslide,108.0
"Ooty And Coonoor, Tamil Nadu",Landslide,42.0
"Ooty, India",Landslide,0.0
Osmanabad,Landslide,40.0
"Padil, Nh - 48",Landslide,0.0
Padmavathy Nagar In West Velachery,Landslide,0.0
"Paglanala Village, Dholai Block, Near Dwarbandh Locality Of The District, Cachar District (Could Only Find District) 45 Km From Silchar, Assam",Landslide,3.0
Pahalgam,Landslide,2.0
Paharpurâ Locality Inâ Koderma,Landslide,2.0
"Painavu, Kerala",Landslide,1.0
"Paingottoor, Kerala,",Landslide,2.0
"Palani, Dindigul District",Landslide,0.0
"Palani-Kodaikanal Ghat Road, Kodaikanal",Landslide,0.0
"Pallippady In Koruthode Panchayat, Cholathadam In Poonjar Thekkekkara Pallippady In Koruthode Panchayat And Cholathadam In Poonjar Thekkekkara Panchayat",Landslide,0.0
Pamohi,Landslide,0.0
"Pangi, Nh-22, Himachal Pradesh",Landslide,0.0
Panikikata Hill,Landslide,0.0
Panjarpol On The Eastern Freeway,Landslide,0.0
Pankhabari And Rohini Routes In Kurseong,Landslide,0.0
"Panthal, Jammu-Srinagar National Highway, Between Kashmir And The Rest Of The Country",Landslide,0.0
Papum Pare,Landslide,14.5
Paradeep,Cyclone,65.0
Paradip,Cyclone,3388.3333333333335
"Parimal Underpass Near Juta Bazaar, Ahmedabad, Gujrat State",Landslide,5.0
"Parmandal, Jammu",Landslide,1.0
Parsad On Nh-8,Landslide,0.0
"Parsik Tunnel Between Thane And Kalyan Railway Stations, India",Landslide,0.0
"Parsik/ Nutan Tunnel On Central Rail, Near Diva, Mumbai, India",Landslide,0.0
Pasighat,Flood,30.0
"Patan, Baramulla District",Landslide,1.0
"Patlot-Aghora Road, Almora District",Landslide,1.0
Patna,Flood,200.0
Pauri District Of Uttarakhand,Landslide,14.0
Pauri Garhwal,Landslide,22.0
"Pauri-Safdarkhal Road, Blocked At Khundadhar",Landslide,0.0
"Peermade(Pä«Rmed), Idukki District, Kerala",Landslide,0.0
"Pernem, Goa",Landslide,0.0
"Peruvai-Kadengodlu Rd(?) Between Vittal And Manila(Mani?), Bantwal Tuluk, Karnataka",Landslide,0.0
"Phagutar Near Mahanadi, 12Km From Kurseong, Siliguri District, Darjeeling",Landslide,1.0
"Phase-Iii, Sector 5, New Shimla",Landslide,0.0
"Phc Cansaulim, Goa, India",Landslide,0.0
Phek,Landslide,16.5
"Phek, Manipur",Landslide,0.0
Phesama,Landslide,0.0
Phesama Village,Landslide,0.0
Phesema Area At National Highway 39,Landslide,1.0
Phulbani,Flood,45.0
Phullenâ€™S Main Road,Landslide,0.0
Phungyar Road,Landslide,0.0
"Phyang Village, Leh, Ladakh, Jammu And Kashmir",Landslide,0.0
Pilgao-Narvem,Landslide,0.0
"Pithauragadh, Uttarakhand",Landslide,7.0
Pithoragarh,Landslide,88.42857142857143
Pithoragarh District,Landslide,0.0
"Pithoragarh District, Uttarakhand",Landslide,2.0
"Pithoragarh-Ghatiabgarh Road, Uttarakhand",Landslide,0.0
"Piyali Phukan Nagar, Guwahati, India",Landslide,1.0
"Police Cid Complex(?), Shillong, Meghalaya",Landslide,1.0
Pomendi Cutting Near Ratnagiri,Landslide,0.0
"Pomendi Hill(?), Goa-Mumbai Konkan Railway, Both Sides Of Ratnagiri, Maharashtra",Landslide,0.0
Pondicherry,Cyclone,28.0
"Ponsuli, Goa",Landslide,0.0
"Poochapra(?), Near Thodupuzha, Kattappana, Kerala",Landslide,2.0
Poonch,Landslide,9.5
Poonch District,Landslide,1.0
Porbandar,Cyclone,20.0
"Portions Of Nh 39, Connectin Manipur With Assam Via Nagaland",Landslide,0.0
"Poshiana, 27 Km Point Of Road From Bafliaz",Landslide,0.0
"Press Colony, Near Taradevi, Himachal Pradesh",Landslide,0.0
"Pub Sarania Hill, South Sarania, Guwahati, Assam, India",Landslide,1.0
"Pulbhal(?)-Solan Rd, Himachal Pradesh",Landslide,0.0
Pune,Flood,65.0
"Purba Simna, Tripura",Landslide,1.0
Puri,Cyclone,410.0
Purnia,Flood,145.0
Putupadal Gram Panchayat In Nuagada Block,Landslide,0.0
"Quaritok, Uttarkashi, Uttarakhand",Landslide,0.0
Rabale,Landslide,2.0
Rahni,Landslide,1.0
Raichur,Flood,55.0
"Raigad District, Maharashtra",Landslide,0.0
"Raigad Fort, Raigad Fort Natural Reserve, Maharashtra, India",Landslide,1.0
"Rail Line Between Mulanthuruthy And Piravom Near Mulanthruth, Kerala",Landslide,0.0
"Railroad Between Chimidipalli And Borra Caves Stations, Andhra Pradesh",Landslide,0.0
Rails Between Amdalli(?) And Near Thodor(Todur) Stations Bordering Ankola And Karwar Talukas In Uttar Kanara District Of Neighbouring Karnataka,Landslide,1.0
"Rails Between Jatinga And Longrangjao(?), Assam",Landslide,0.0
"Rails Between Mahur And Wadringdisa(?), Assam",Landslide,0.0
"Railway Between Koraput And Rayagada In Odisha, India",Landslide,0.0
Railway Tracks Between Dumriput And Damanjodi,Landslide,0.0
"Railway Tunnel A Few Kilometres From The Haridwar Railway Station, Between Haridwar And Dehradun, Uttarakhand, India",Landslide,0.0
"Raj Bhavan Guwahati, Assam",Landslide,0.0
Rajahmundry,Flood,99.6
Rajapur-Vaibhavwadi Section Of The Konkan Railway,Landslide,0.0
"Rajeev Nagar(?) Or Narayan Nagar, Asalfa Village, Between Ghatkopar And Saki Naka Area, Somewhere Near Lal Bahadur Shastri, Andheri Suburb. Mumbai Urban Center,",Landslide,1.0
"Rajgarh-Habban Road, Himachal Pradesh",Landslide,0.0
Rajouri,Landslide,20.0
Rakh Batla Belt In Udhampur,Landslide,2.0
Rakha Jaganoo,Landslide,5.0
Ramanathapuram,Cyclone,170.5
Ramban,Landslide,21.75
Ramban District,Landslide,0.0
Ramban District Of Jammu And Kashmir,Landslide,2.0
"Ramban District, Srinagar-Jammu Highway (Khooni Nallah, Higni And Panthal)",Landslide,0.0
"Ramban, Kashmir",Landslide,0.0
"Rambara District, Uttarakhand",Landslide,13.0
"Ramchandi , Hailakandi District, Assam, India",Landslide,1.0
Ramnagar Railway Station,Landslide,0.0
Ramsoo Area Of Ramban District,Landslide,0.0
Ramsu,Landslide,2.0
"Ranachatti(?), On Road To Yamunotri",Landslide,0.0
"Ranachatti(?), Route To Yamunotri, Garwhal Division, Uttarakhand",Landslide,0.0
"Rangiabong (Jorbungalow), Darjeeling, West Bengal",Landslide,6.0
Rangpo,Landslide,0.0
Ratacherra,Landslide,0.0
"Ratacherra Village Along The Nh-44 Connecting To Barak Valley In Assam And Tripura, Meghalaya, Mizoramon",Landslide,4.0
Ratnagiri,Cyclone,32.0
Ratnagiri,Landslide,19.0
Rayagada,Flood,85.0
"Rayagada, Odisha",Landslide,0.0
Reasi,Landslide,0.0
"Reasi District, Jammu And Kashmir",Landslide,1.0
"Reasi, Kashmir",Landslide,1.0
Rengpeth Village,Landslide,0.0
"Reshi Mohalla, Tangmarg",Landslide,0.0
"Rimbik, Darjeeling, West Bengal State, India",Landslide,3.0
Rishikesh- Gangotri National Highway In Maneri Area Of Uttarkashi District,Landslide,0.0
"Rishikesh-Badrinath Hwy., Near Sirobgarh(Sirobagad), Rudraprayag District, Uttarakhand",Landslide,0.0
Rishikesh-Badrinath National Highway Near Joshimath,Landslide,0.0
"Rishikesh-Badrinath National Highway To Rudraprayag, Chamoli, And Badrinath, Uttarakhand",Landslide,0.0
"Rishikesh-Gangotri National Highway Near Mari Sainji Village, Uttarkashi, Uttarakhand",Landslide,0.0
"Rishikesh-Joshimath-Mana Road, Uttarakhand",Landslide,0.0
"Rishikesh-Kedarnath National Highway, Sirobagad",Landslide,0.0
"Rishikesh-Uttarkashi Route, Uttarakhand",Landslide,0.0
"Road Between Haflong And Lanka, Assam",Landslide,0.0
"Road Between Halfong And Redzol(?) Or Silchar, Assam",Landslide,0.0
"Road Between Rajouri(Rajauri) And Poonch(Punch), Jammu And Kashmir",Landslide,0.0
"Road Between Srinagar And Muzaffarabad Near Kaman Post In Baramulla District, Kashmir",Landslide,0.0
"Road From Other Districts To Hawai(Tawai?) Which Is  On Lojit River, Near Hayuliang,  Anjaw District, Arunachal Pradesh",Landslide,0.0
"Road From Pinjore(Pinjaur), Haryana To Nalagarh, Himachal Pradesh",Landslide,0.0
"Road Leading To Patala Ganga And The Ropeway In Srisailam, Andhra Pradesh, India",Landslide,0.0
"Road Near Manali, Kullu",Landslide,0.0
"Road Near Saverikadu Village(?), Between Palani And Kodaikanal, Tamil Nadu Province",Landslide,0.0
Road Near Tipri To Kedarnath,Landslide,0.0
"Road To Badrinath Shrine, Uttarakhand",Landslide,0.0
"Road To Chopal, Himachal Pradesh",Landslide,0.0
"Road To Manali, Himachal Pradesh",Landslide,0.0
"Road To Oting Near Longlam Village, 13 Km From Tizit Subdivision, Mon District, Nagaland",Landslide,0.0
"Road To Sangla And Bhaba And Sorang(?) Valleys, Kinnaur, Himachal Pradesh",Landslide,0.0
"Road To Sangla Valley, Near Kupa Village, Kinnaur District, Himachal Pradesh",Landslide,0.0
"Road To Shivpur(Shivpuri), Pauri Garhwal District, Uttarakhand",Landslide,0.0
"Road To Yamunotri Shrine, Uttarakashi",Landslide,0.0
"Roads Above Pithoragarh, Uttranchal",Landslide,0.0
"Roads Around Uttarkashi, Uttarakhand",Landslide,0.0
"Roads Between Jubbal And Rohru, Shimla, Himachal Pradesh",Landslide,0.0
"Roads Between Sunnu Pal And Chail, Himachal Pradesh",Landslide,0.0
"Roads Between Tamei(Tamma?), Kangpokpi And Chalwa, Manipur",Landslide,0.0
Roads From Manali To Rohtang Pass,Landslide,0.0
"Roads To Gangotri, Uttarakhand",Landslide,0.0
"Roads To Manali, Himachal Pradesh",Landslide,0.0
"Roads To Rani Khet(Ranikhet) And Jolle Kote(?), Uttarakhand",Landslide,0.0
"Rohru,Theog And Chopal Sub-Divisions, Shimla, Himachal Pradesh",Landslide,38.0
"Rolep, South Sikkim( Mapping To Rhenock 12 Miles From Rolep)",Landslide,7.0
Rongpur Village Under Bhairabhnagar Panchayat In Karimganj District,Landslide,2.0
"Rongthragittim Songittal Village, Near Sibbari, South Garo Hills District, Meghalaya, India",Landslide,0.0
Rudraprayag,Landslide,107.9090909090909
"Rudraprayag, Rishikesh-Badrinath Hwy",Landslide,0.0
"Rudraprayag, Uttarakhand",Landslide,19.0
"Rudraprayag-Gaurikund Road, Uttarakhand",Landslide,0.0
Ruldu Bhatta Locality Near Lakkar Bazaar,Landslide,0.0
Rumtse Along The Manali-Leh Highwa,Landslide,0.0
"Ruzapfu Valley, Kikruma Village, Phek District, Nagaland",Landslide,0.0
Sabroom,Landslide,3.0
"Sabu(Saboo) Village, Leh, Ladakh, Jammu And Kashmir",Landslide,11.0
Saddal Village In Pancheri Block,Landslide,41.0
Sagar Island,Cyclone,22.5
Saharsa,Flood,505.0
"Sahong, Tabu And Pani Village Under Tadubi Police Station Of Senapati District, Nh-39",Landslide,0.0
Sailam Village,Landslide,1.0
"Sainath Stone Quarry, Rikunda Village, Turbhe, Navi Mumbai, Maharashtra",Landslide,3.0
"Sainj, Rishikesh-Gangotri National Highway",Landslide,0.0
"Saki Naka In Andheri Area, Mumbai Suburb/Slum (Sakinaka Is Around 23 Miles (35 Kilometers) From Downtown Mumbai)",Landslide,12.0
Salem - Yercaud Ghat Road,Landslide,1.0
Samastipur,Flood,92.0
"Samathang, Sikkim",Landslide,5.0
Sambalpur,Flood,55.0
"Samkot Village Of Pithoragarhi, Uttarakhand",Landslide,1.0
Sanasar Area Of District Ramban,Landslide,0.0
Sandrathi Village Of Munsiyari Block Of Pithoragarh District,Landslide,1.0
Sanjeevinagar Area,Landslide,4.0
"Sanjiote Near Poonch, Kashmir",Landslide,3.0
Saran,Flood,88.0
"Saraswati Shishu Mandir School(?), Sumgarh(Sumgad) Village(?), Bageshwar-Pindari Glacier Rd 45 Km From Bageshwar, Kapkot, Bageshwar, Uttarakhand",Landslide,18.0
"Satgarakul Village, Karimganj, Assam State",Landslide,7.0
Satpuli-Kanskhet Road In Pauri Garhwal District,Landslide,0.0
Saurashtra,Cyclone,35.0
Sawai Madhopur,Flood,38.0
Second Hairpin Bend Near Varattupallam,Landslide,0.0
Senam,Landslide,0.0
Senapati,Landslide,21.0
Serchhip,Landslide,18.0
Seri In Ramban Along Jammu-Srinagar National Highway,Landslide,1.0
"Seri, Ramban",Landslide,0.0
Several Roads In Uttarakhand,Landslide,10.0
"Sevoke, 20Km From Siliguri, North Eastern, India (Highway Nh31A:Coronation Bridge To The Sevoke Police Outpost Section Blocked)",Landslide,0.0
"Sewri(?), New Shivaji Nagar, Mumbai",Landslide,0.0
"Shakthinagar, Mangalore",Landslide,0.0
"Shakti Nagar, New Delhi",Landslide,1.0
"Shanna(?), Jammu Province",Landslide,1.0
"Shantinagar, Ponda",Landslide,0.0
"Shatani Nallah, Ramban District",Landslide,0.0
"Shayoung Ward(?), Longleng, Nagaland",Landslide,0.0
"Sheroora-Subardhar Village,15 Km From Bhadarwah Town",Landslide,2.0
"Shetani Nallah(?), Jammu-Srinagar National Highway, Jammu And Kashmir",Landslide,0.0
"Shetidhar Peak, Himachal Pradesh",Landslide,3.0
"Shillong, Meghalaya, India",Landslide,2.0
Shillong-Jowai(Jwai)-Badarpur National Highway(Nh 44) At Sunapur Village In Jaintia Hills District,Landslide,0.0
Shimla,Landslide,15.0
"Shimla District, Himachal Pradesh",Landslide,0.0
Shimla-Kalka National Highway Near Shoghi,Landslide,0.0
"Shimla-Nahan Highway, Dosarka, Himachal Pradesh",Landslide,0.0
Shirpora,Landslide,0.0
"Shivpuri, Rishikesh-Badrinath Hwy",Landslide,0.0
Shopian District,Landslide,0.0
Shravasti,Flood,75.0
"Silchar-Haflong Rd., At Reko(Rekha )(?), Near Harangajao, Barail Hills, Assam",Landslide,0.0
"Simhagiri Colony, Azeemabad, Pedagantyada, Visakhapatnam, Andhra Pradesh, India",Landslide,2.0
"Singamari, Darhelling, West Bengal",Landslide,0.0
"Singtam-Mangan Rd, Sikkim",Landslide,0.0
"Sirmaur District, Himachal Pradesh",Landslide,0.0
Sirobagad Area Of Rudraprayag,Landslide,0.0
"Sirobagad, Rishikesh-Badrinath Highway",Landslide,0.0
"Sirobhgarh Bend, Srinagar-Rudraprayag Highway, Uttarakhand, Northern India",Landslide,0.0
Sitamarhi,Flood,168.0
"Siund - Neuli Rd, Neuli Shanshar, Himachal Pradesh 175123",Landslide,0.0
Solan,Landslide,35.0
Solan Roads,Landslide,0.0
Solapur,Flood,45.0
"Sombaria, West Sikkim",Landslide,2.0
"Sonabai Niwas(?), Kalwa, Mumbai",Landslide,10.0
"Sonachirra, Karimganj District, Assam, India",Landslide,5.0
"Sonaighuli Area Near Kahilipara, Guwahati City, Assam",Landslide,1.0
Sonepur,Flood,40.0
"Sonprayag, Uttarakhand",Landslide,3.0
"Sonrigund Malangpora, Pulwama",Landslide,1.0
South 24 Parganas,Flood,48.0
South Of Kashmir,Landslide,0.0
South West Garo Hills,Landslide,6.0
Spiti,Landslide,15.0
"Spiti Valley, Himachal Pradesh",Landslide,1.0
"Srawan Village(?), Batote-Doda-Kishtwar Road, Kishtwar District",Landslide,1.0
Srikakulam,Cyclone,112.25
Srikakulam Coast,Cyclone,18.0
Srinagar,Flood,277.0
Srinagar Muzafarabad Road,Landslide,0.0
"Srinagar-Garhwal Area Of Pauri District, Uttarakhand, Uttranchal",Landslide,1.0
"Srinagar-Jammu Highway, Ramban District",Landslide,0.0
Srinagar-Jammu National Highway,Landslide,0.0
"Srinagar-Jammu Natl. Hwy., At Digdole(Digdol)(9 Km South Of Panthal), Srinagar, Jammu And Kashmir",Landslide,0.0
"Srinagar-Leh Highway In Shutkady Near Sonamarg, Ganderbal District, Jammu And Kashmir, India",Landslide,0.0
"Srinagar-Leh National Highway, Captain Mode, Kashmir Valley",Landslide,0.0
Srinagar-Muzaffarabad Road Near Dankhan Area In Baramulla,Landslide,0.0
"Srinigar-Jammu Highway, Gangroo, Udhampur",Landslide,0.0
Srinigar-Ladakh Highway,Landslide,0.0
"St Inez Construction Site, Panaji",Landslide,0.0
"St Mary'S Hill, 3 Km From Kurseong, West Bengal",Landslide,4.0
Subarnapur,Flood,48.0
Sukhiapokhari,Landslide,1.0
Sukhidhang Area Of Champawat District In Uttarakhand,Landslide,14.0
"Sunali, Uttarakhand",Landslide,0.0
Sundarbans,Cyclone,149.0
Supaul,Flood,253.25
Surankote In Jammu And Kashmir,Landslide,0.0
Surat,Cyclone,28.0
Surat,Flood,173.0
Surjan Village In Bani Mountainous Belt In Kathua District (,Landslide,0.0
"Taithu Village, Churanchandpur District, Mizoram, Manipur",Landslide,0.0
Talakebail In Vajralli Gram Panchayat In Yellapur,Landslide,0.0
"Taloda, Nandurbar, Maharashtra",Landslide,8.0
Tamabong Village In Sikkim State,Landslide,5.0
Tamei Constituency In Tamenlong District,Landslide,0.0
"Tamei, Tamenglong District On Imphal-Tamenglong (It) Road",Landslide,0.0
Tamenglong,Landslide,13.666666666666666
Tamenglong Ward No-Iv,Landslide,0.0
"Tamenglong, Manipur",Landslide,0.0
"Tamenglong- Khongsang Road, Manipur",Landslide,0.0
"Tanakupur-Pitoragarh Highway, Kumaon(Kumaun) Region, Uttarakhand",Landslide,0.0
"Tapri Near Rekong Peo, Kinnaur District",Landslide,0.0
"Tawang, Arunachal Pradesh",Landslide,17.0
"Tawari Bridge, Chamba District Of Himachal Pradesh",Landslide,2.0
"Techahan Ward, Mon, Nagaland, India",Landslide,0.0
"Tefana, Uttarakhand",Landslide,0.0
Tehri,Flood,68.0
Tehri,Landslide,36.75
"Thadiyambadu Near Painavu, Kerala",Landslide,2.0
"Thampanoor, Thiruvananthapuram, Kerala",Landslide,0.0
Thana Village,Landslide,0.0
"Thang Bridge 10 Km From Turtuk, Leh, Jammu And Kashmir",Landslide,13.0
Thanmandi Area Of Rajouri,Landslide,13.0
"Tharon(?) And Langol Tarung Villages, Thangmeiband Constituency, Imphal, Manipur",Landslide,0.0
Thatichetlapalem,Landslide,4.0
The 10-Storeyed Hill View Building The 10-Storeyed Hill View Building,Landslide,1.0
The Cave Shrine Located In Trikuta Hills Of Reasi District,Landslide,0.0
"The Chardham Yatra, Shrines Of Badrinath, Kedarnath, Gangotri, And Yamunotri",Landslide,0.0
"The Leh-Manali Hwy, Himachal Pradesh",Landslide,0.0
"The Rishikesh-Gangotri National Highway, Sainj",Landslide,0.0
The Sikh Shrine In Manikaran,Landslide,8.0
"Thenpara, Kerala-Tamil Nadu Inter-State Highway, Nadukani Ghat Road Connecting Nilambur With Gudallur In Tamilnadu",Landslide,0.0
"Theog-Kotkhai-Jubbal Road, Himachal Pradesh",Landslide,0.0
"Thillong Village, Doyang Along State Highway 1, Wokha To Merapani Road",Landslide,0.0
"Thirpak, Uttarakhand",Landslide,0.0
Thiruvananthapuram,Landslide,40.0
"Thiruvankulam, Kerala",Landslide,0.0
"Thodpuzha(Thodupuzha) Municipality, Idukki, Kerala",Landslide,0.0
Three Graveyards Within Aizawl,Landslide,0.0
Thrissur,Flood,95.0
"Tikri Village(?) Near Loc, Uri Sector, Baramulla District, Jammu And Kashmir",Landslide,3.0
Tindharia Railway Maintenance Shed,Landslide,0.0
Tinsukia,Flood,48.0
"Tirah Lines Which Is Almost 5 Kms From Dharamshala, Himachal Pradesh",Landslide,0.0
"Tirumala, Andhra Pradesh",Landslide,0.0
Tongseng,Landslide,0.0
"Tottilagundi, Dakshina Kannada District",Landslide,4.0
Tousem,Landslide,0.0
"Toy Train Rails Between Siliguri And Darjeeling, West Bengal",Landslide,0.0
"Trail Between Adh Kuwari(Adhkuwari) Temple And Shri Mata Vaishno Devi Cave Shrine, Trikuta Hills(?), Near Katra, Reasi, Jammu And Kashmir",Landslide,0.0
Tripi (Tirpai?) Road Of Upper Gumfa Area In Kalimpong,Landslide,3.0
Tsarap River,Landslide,0.0
"Tuensang, Nagaland",Landslide,0.0
"Tuensang-Kohima Rd, 3 Km Outside Tuensang, Nagaland",Landslide,0.0
"Tuensang-Shamatore(Sampurre) Rd, Nagaland",Landslide,0.0
"Tuikual 'C', Aizawl, Mizoram",Landslide,1.0
"Tuitung Village, Khengjoi",Landslide,0.0
Tunnel Number 16 On The Jammu-Udhampur Section,Landslide,0.0
Tura,Landslide,8.0
Tura Civil Hospital,Landslide,0.0
"Tusom, Manipur",Landslide,0.0
"Tyakshi(?) Village Near Turtuk(Nubra Valley) On Leh-Saichen(Siachan) Rd, Jammu And Kashmir",Landslide,0.0
Type-Iv Colony Of Seppa In East Kameng,Landslide,3.0
Uhl River In Kamand Area,Landslide,0.0
Ukhrul,Landslide,28.0
Ukhrul Nh 201-Jessami Road,Landslide,0.0
Ukhrul Town Circular Road From Rayotang To Viewland Zone Ii,Landslide,0.0
"Umling, Meghalaya 793102, India",Landslide,0.0
Una,Cyclone,22.0
Under The Third And Fourth Padil-Bajal Under-Bridge Railway Tracks,Landslide,0.0
Upper Kodaikanal Road,Landslide,0.0
"Upper Shimla, Himachal Pradesh",Landslide,0.0
"Upper Subansiri District, Arunanchal Pradesh",Landslide,0.0
Uri,Landslide,0.0
"Uri, Baramulla District",Landslide,4.0
"Urni, Satluj River, Kinnaur District, Himachal Pradesh, India",Landslide,0.0
Uttar Pradesh,Landslide,6.0
Uttarakhand,Landslide,0.0
Uttarakhand And The Uttar Pradesh,Landslide,11.0
Uttarkashi,Landslide,124.125
Uttarkashi District,Landslide,2.0
"Uttarkashi Town, Uttarakhand",Landslide,0.0
"Vadad-Hasol Village Near Rajapur In Ratnagiri District, Maharastra",Landslide,8.0
Vadodara,Flood,112.5
Vaishnodevi In Trikuta Hills Of Reasi District,Landslide,0.0
"Valiyasalai, Thiruvananthapuram, Kerala",Landslide,0.0
Valley Of Flowers Near Badrinath,Landslide,0.0
"Vamanapuram, Thiruvananthapuram District In The State Of Kerala",Landslide,1.0
"Vannappuram, Kerala,",Landslide,1.0
Varanasi,Flood,109.0
"Varunavat Mountain, Uttarkashi",Landslide,0.0
Vasco,Landslide,0.0
"Vazhavara, Idukki, Kerala, India",Landslide,2.0
"Vengola, Kerala",Landslide,2.0
Veraval,Cyclone,8.0
Vijaywada(Vijayawada),Landslide,4.0
"Village In Pangi Valley, Chamba District",Landslide,0.0
Village Mohechiwadi Under Karjat Taluka Of Raigad District,Landslide,5.0
"Villages Pilkha(?), Devali(?), And Balta(?), Avalbagh Block(?), Almora(Almorah) District, Uttarakhand",Landslide,24.0
"Villages Shapoo(?), Bazgo(?) And Wide Area Around Leh, Ladakh, Jammu And Kashmir",Landslide,234.0
Villages Surrounding The West Sikkim District Of,Landslide,16.0
"Villanchira, Near Neryamangalam",Landslide,0.0
Vip Road,Landslide,0.0
Vishakhapatnam,Cyclone,61.142857142857146
"Vishnuprayag, Joshimath",Landslide,0.0
Vizianagaram,Cyclone,50.0
"Vollant, Vasco, Behind The Ktc Bus Stand, Goa, India",Landslide,0.0
"Wadpora, Budgam Near Vidyala School",Landslide,0.0
"Walo Ward, Mon Town, Wokha District, Nagaland",Landslide,0.0
Warangal,Flood,151.0
Wayanad,Landslide,17.75
"Wayang, Khengjoi",Landslide,0.0
West Bengal,Cyclone,15.0
West Bengal Coast,Cyclone,23.0
West Garo Hills,Landslide,20.0
West Godavari,Flood,55.0
"West Kameng, Arunachal Pradesh",Landslide,12.0
West Siang,Landslide,15.0
Willong-Yangkhullen Stretch,Landslide,0.0
Yamnotri Highway,Landslide,0.0
Yamunotri,Landslide,0.0
Yamunotri Route,Landslide,0.0
Yanam,Cyclone,29.0
Yangkhullen-Tamphung Road Till Nagaland Border,Landslide,0.0
Yavatmal,Flood,12.0
"Yedakumeri, Bengaluru-Mangaluru Train",Landslide,0.0
"Zang(?), East Sikkim",Landslide,0.0
"Zembabawk, Aizawl",Landslide,1.0
Zero Near Kurseong,Landslide,0.0
Zojila Pass,Landslide,0.0
"Zojila, India (Srinagar-Kargil Road)",Landslide,1.0
Zunheboto District,Landslide,0.0
"Zunheboto, Nagaland",Landslide,0.0
"Zunheboto, Nagaland, India",Landslide,0.0
